name,branche,beschreibung,adresse,id
Göldlin Apotheke,Apotheke,Apotheke,"Rathausgasse 29
5001 Aarau",3313
Architekten-Gruppe Bircher Roth von Arx AG,Architektur,,"Stritengässli 24
5000 Aarau",3315
Fritz Glaus & Co. AG,Automobile,Garage / Verkauf -> Nutzfahrzeuge / Personenwagen,"Postfach 2836
5001 Aarau",3316
Furter Bäckerei - Konditorei,Bäckerei - Konditorei - Confiserie,"Brot, Bio Brot","Bahnhofstrasse 9
5000 Aarau",3317
Aargauische Kantonalbank,Bank,Regionaldirektion Aarau,"Bahnhofplatz 1
5001 Aarau",3318
Aarebau AG,Bedachungen,Flachdach- und Spenglerarbeiten,"Staffeleggstrasse 16
5024 Küttigen",3319
Aarebeton Aarau AG,Baugewerbe,Produktion und Vertrieb von Transportbeton,"Im Lostorf 3
5033 Buchs",3322
Aare Touring Garage AG,Automobile,,"Steinachermattweg 1
5033 Buchs",3323
AZ Zeitungen AG,Medien,Medien,"Neumattstrasse 1
5001 Aarau",3324
Widmer Peter E.,Advokatur- und Notariatsbüro,,"Hintere Bahnhofstrasse 6
5001 Aarau",3326
Aeschlimann AG,Baugewerbe,,"Herzogstrasse 27
5000 Aarau",3327
AFM Stadtgarage AG,Automobile,,"Weihermattstrasse 82
5001 Aarau",3328
"Radio Medien AG, Radio Argovia",Medien,De Soundtrack zom Läbe,"Bahnhofstrasse 41
5001 Aarau",3329
APG|SGA Allgemeine Plakatgesellschaft AG,Werbung,Grösster Out-of-home Medienanbieter der Schweiz,"Mühlemattstrasse 50
5001 Aarau",3330
Allianz Suisse,Versicherung,"Versicherung, Vorsorge, Vermögen","Hintere Bahnhofstrasse 8
5001 Aarau",3331
AMA Messe und Kongress AG,Dienstleistungen,Messe- und Eventorganisation,"Rössligutstrasse 2
5000 Aarau",3332
Architektengemeinschaft 4 AG,Architektur,,"Laurenzentorgasse 16
5000 Aarau",3333
"Ralph Schiltknecht, Rechtsanwalt und Mediator SDM",Advokatur- und Notariatsbüro,Advokatur / Mediation / Notariat,"Rain 53
5001 Aarau",3334
Pfisterer Fretz Rechtsanwälte,Rechtsanwalt,Wir beraten Sie umfassend insbesondere in Angelegenheiten des öffentlichen Rechts.,"Frey-Herosé-Strasse 25
5000 Aarau",3335
Aschwanden Aarau AG,Bedachungen,Bedachungen / Fassadenbau / Spenglerei,"Postfach
5001 Aarau",3336
AWTreuhand AG,Treuhand,Treuhand und Revisionsgesellschaft,"Erlinsbacherstrasse 3
5001 Aarau",3337
Telecomcenter Aarau GmbH,Telecommunikation,,"Buchserstrasse 34
5000 Aarau",3338
"SCOOTER Fashion Shop, Baghdadi International AG",Mode - Bekleidung,"Damenmode für jede Gelegenheit, eigenes Label SCOOTER","Postfach 2421
5001 Aarau",3340
AarauInvest AG,Vermögensverwaltung,Vermögensverwaltung und Finanzberatung,"Hohlgasse 45
5000 Aarau",3341
Basler Versicherung AG / Basler Leben AG / Generalagentur Aarau,Versicherung,Versicherungs- und Finanzlösungen,"Laurenzenvorstadt 90
5001 Aarau",3342
Advokaturbüro Peter Forster,Advokatur- und Notariatsbüro,,"Kasinostrasse 30
5000 Aarau",3343
Berner AG  Printline,Druck,Digitaldruck - Werbetechnik - Plakate/Poster - Plan/Plot/Scan - Textildruck,"Rohrerstrasse 33
5001 Aarau",3345
Bernheim & Co. AG,Mode - Bekleidung,Alain Bernheim,"Kasinostrasse 25
5000 Aarau",3347
Linder Blumen GmbH,Blumen,Qualität + Kreativität = Linder Blumen,"Bahnhofplatz 1
5001 Aarau",3348
Bodmer Bauingenieure AG,Ingenieurbüro,"Dienstleistung, Ingbüro für Hoch- u. Tiefbau","Tellistrasse 114
5001 Aarau",3349
Boschetti  AG,Sanitär - Heizung,"""De Boschetti wetti""","Weihermattstrasse 36
Postfach 2334
5001 Aarau",3351
Confiserie Tea Room Brändli Aarau AG,Bäckerei - Konditorei - Confiserie,,"Bahnhofstrasse 37
5000 Aarau",3353
Brillen - TROTTER AG,Optik,Diplomierte Augenoptiker,"Bahnhofstrasse 55
Postfach 2402
5001 Aarau",3354
Maler Stefanie Briner,Maler,"Maler- und Tapeziererarbeiten, Spanndecken, Naturofloor","Mühlemattstrasse 91
5000 Aarau",3355
5000 hair Pino Costanzo,Coiffure,Damen- und Herrencoiffure,"Schiffländestrasse 27a
5000 Aarau",3356
"Buser + Partner AG, dipl. Architekten ETH/SIA",Architektur,in Aarau und Umgebung seit 1946,"Jurastrasse 2
5000 Aarau",3359
Aarlux-Aarau GmbH,Elektro,"Handel mit lichttechnischen Produkten, insbesonders mit Leuchtmittel.","Schiffländestrasse 45
5000 Aarau",3360
La passion du vin AG,Weine und Spirituosen,Ausgesuchte Weine aus kleinen Produktionen.,"Laurenzentorgasse 7
5000 Aarau",3363
Bank Cler,Bank,,"Kasinostrasse 17
Postfach
5001 Aarau",3365
Herzig Interlook AG,,,"Graben 8
5000 Aarau",3367
Vaudoise Versicherungen,Versicherung,Generalagentur Andy Siegenthaler,"Kasernenstrasse 26
5001 Aarau",3369
Vom Fass Aarau GmbH,Weine und Spirituosen,"Sehen, probieren, geniessen","Pelzgasse 15
5000 Aarau",3370
Notariat Rudolf Fasler,Advokatur- und Notariatsbüro,"aargauischer Notar, eidg. dipl. Immobilientreuhänder","Bleichemattstrasse 11
5001 Aarau",3371
Fasler Druck AG,Druck,,"Neumattstrasse 32
5000 Aarau",3372
Finocchiaro Parkettdesign GmbH,"Bodenbeläge, Teppiche, Parkett",Sanierungen und Neuverlegung von Bodenbelägen,"Delfterstrasse Süd 10
5004 Aarau",3373
FMT Fachmarkt Möbel und Teppiche  AG,Möbelgeschäft,,"Küttigerstrasse 42
5001 Aarau",3374
Frei Architekten AG,Architektur,,"Bleichemattstrasse 43
5000 Aarau",3375
Garage Rebmann AG,Automobile,,"Edisonstrasse 1
5033 Buchs AG",3376
Gasthof zum Schützen AG,Gastgewerbe,,"Schachenalle 39
5000 Aarau",3377
Gebr. Strässle AG,Metzgerei,Traiteur / Party-Service,"Tramstrasse 31
5034 Suhr",3378
Securitas AG,Sicherheitsdienst,Integrale Sicherheitsdienstleistungen,"Rain 42
5000 Aarau",3379
Glas + Spiegel René Müller GmbH,Glaserei,Glasschleiferei-Glasbau,"Picardiestrasse 5
5040 Schöftland",3380
Gloor Metallbau GmbH,Metallbau,,"Tellistrasse 18
5000 Aarau",3381
Goldschmied Gloor AG,Goldschmied,,"Rain 8
5000 Aarau",3382
Grassi L. AG,Velos - Motos,"Handel &amp; Reparaturen von Fahrrad, Mofa und Roller","Hammer 3
5000 Aarau",3383
Gräub Auto Center AG,Automobile,Carrosserie+Garage,"Industriestrasse 39
5036 Oberentfelden",3384
Gruber Partner AG,Treuhand,prüfen - beraten - führen,"Bahnhofstrasse 78
5001 Aarau",3385
Gygax Uhren Schmuck Erleben AG,Bijouterie - Uhren,"Uhren, Bijouterie, Schmuck, Trauringe, Verlobungsringe, Perlen, Diamanten, Breitling, Zentih, Chopard, Maurice Lacroix, Rado, Ebel, mechanische Uhren, Goldschmiede, Schmuckanfertigungen, Schmuckdesign","Bahnhofstrasse 31
5000 Aarau",3386
Gytronic AG,Lautsprecheranlagen,"Ruf- und Musikanlagen (ELA), HomeCinema","Bahnhofstrasse 50
5507 Mellingen",3387
Hagenbuch AG,Papeterie,,"Vordere Vorstadt 21
5001 Aarau",3388
Hans Hassler AG,"Bodenbeläge, Teppiche, Parkett",Bodenbeläge + Vorhangsysteme,"Rohrerstrasse 78
5001 Aarau",3389
Häuptli & Marchesi AG,"Bodenbeläge, Teppiche, Parkett",Plattenleger und Kundenmaurer,"Rohrerstrasse 62
5001 Aarau",3390
Häusermann AG,Automobile,,"Rohrerstrasse 30
5000 Aarau",3391
Graviertechnik Heidersberger AG,Gravuren,Gravuren Schilder Kinderbestecke Stempel Pokale Tafelbestecke Verbotsschilder Technikschilder Zinnwaren Kindergeschirr,"Bircher Benner-Weg 2
5001 Aarau",3392
Heiz Schriften AG,Schrift - und Reklamegestaltung,,"Tellistrasse 41
5000 Aarau",3393
Heizmann AG,Schlauchtechnik,Grosshandel + Produktion,"Neumattstrasse 8
5000 Aarau",3394
HKG Engineering AG,Ingenieurbüro,,"Mühlemattstrasse 16
5001 Aarau",3395
Malermeister Hochuli AG,Maler,Malen Tapezieren Naturofloor Beläge Dekorationen Farbberatung,"Pfrundweg 1
5000 Aarau",3396
Aarauer Praxis,Gesundheit,"Praxis für Akupunktur & Alternativmedizin / Praxis für Kinderwunsch, Schwangerschaft & Geburt","Bachstrasse 59
5000 Aarau",3397
Hochuli Malergeschäft GmbH,Maler,"Malen, Tapezieren, Fassaden, Farbberatung-+Gestaltung","Buchserstrasse 51
5000 Aarau",3398
Hofer Max,Sanitär - Heizung,Spenglerei Sanitär Heizung,"Kirchgasse 15
5000 Aarau",3399
Sorell Hotel Aarauerhof,Gastgewerbe,Aarauerhof Konferenz- & Seminarhotel Wellnessoase -Restaurants,"Bahnhofplatz 2
5000 Aarau",3400
Scholl Lienhard & Partner Rechtsanwälte,Advokatur- und Notariatsbüro,,"Laurenzenvorstadt 19
5001 Aarau",3402
Eniwa AG,Elektro,,"Industriestrasse 25
5033 Buchs",3403
Jost Aarau AG,Elektro und Telekommunikation,Jost verbindet... Elektroanlagen Telematik Automation,"Neumattstrasse 6
5001 Aarau",3404
Keller & Co. Liegenschafts-Verwaltung,Immobilien,,"Zelglistrasse 39
5000 Aarau",3405
AXA Generalagentur Vorsorge & Vermögen Erwin Schmid,Versicherung,"Vorsorgeberatung für Privatpersonen, Finanz- und Pensionierungsplanungen, Pensionskassenberatung für Unternehmen.","Schlossplatz 1
Postfach 2219
5001 Aarau",3407
Büro Köbeli GmbH,Büroeinrichtungen,Spezialisiert auf Büroeinrichtung und Planung,"Korbackerweg 19
5502 Hunzenschwil",3408
Knecht Reisen AG,Reisen,,"Vordere Vorstadt 27
5000 Aarau",3409
Senevita Gais Aarau,Gesundheit,,"Hintere Bahnhofstrasse 90
5000 Aarau",3410
Oel-Pool AG,Transporte,,"Spittelweg 1
5034 Suhr",3412
Lämmli Architektur AG,Architektur,Architektur / Projektentwicklungen,"General Guisan-Strasse 2
5000 Aarau",3413
"Briner Barbara, Wohn- und Raumkonzept",Innenarchitektur,"Wohnen - Arbeiten - Leben / Professionelle Beratung, Planung und Umsetzung bei der Gestaltung Ihrer Räume","Mühlemattstrasse 91
5000 Aarau",3414
"Eichenberger AG, Bauingenieure und Planer",Baugewerbe,Bauingenieure und Planer,"Hauptstrasse 34 / Postfach
5037 Muhen",3415
Lehnert AG,Gartenbau,"Wasser, Pflanzen und Gärten","Postfach 78
5022 Rombach",3416
Minerva Schweiz AG,Schule,Berufsvorbereitung/Handelsschule VSH/Kaderschule/,"Industriestrasse 1 / Gais Center
5001 Aarau",3418
Loss Astrid,Kosmetik,,"Rathausgasse 29
5000 Aarau",3419
Kurt Lüscher AG,Elektro und Telekommunikation,Elektrotechnische Unternehmungen,"Postfach
5001 Aarau",3420
Lüthi & Schneiter AG,Architektur,ArchitektInnen BA FHNW,"Laurenzenvorstadt 25
5000 Aarau",3421
RDL GmbH,Baugewerbe,Wir arbeiten im Innenausbau im Bereich Systemtrennwände und Akustiklösungen an Decken und Wänden.,"Reiherweg 2
5034 Suhr",3422
Fläschehals Martin Hartmann AG,Weine und Spirituosen,Weine und Getränke,"Laurenzenvorstadt 53
5000 Aarau",3423
Maurer AG,Maler,"Baumalerei, Thermolackierwerk, Carrosserie","Bresteneggstrasse 1
5033 Buchs",3424
McDonalds Restaurant,Gastgewerbe,Restaurant,"Bahnhofstrasse 5-7
5000 Aarau",3425
Mode Moser AG,Mode - Bekleidung,Damenmode und Festmode,"Metzgergasse 4
5000 Aarau",3426
Rud. Bürgi + Partner GmbH,Ingenieurbüro,Engineering,"Bahnhofstrasse 86
5000 Aarau",3428
Neue Aargauer Bank AG,Bank,Bank,"Bahnhofstrasse 49
5001 Aarau",3429
Neue Apotheke Aarau,Apotheke,,"Vordere Vorstadt 11
5000 Aarau",3430
Immovendo,Immobilien,Immobilienvermittlung,"Zentralstrasse 52
5610 Wohlen",3432
Oel-Brack AG,Treib- und Brennstoffe,,"Rupperswilerstrasse 3
5502 Hunzenschwil",3434
Personal Sigma Aarau AG,Personal,Personalberatung - Stellenvermittlung,"Jurastrasse 6
5001 Aarau",3436
Pfisterer Thomas Dr. iur. Fürsprecher LL.M.,Rechtsanwalt,,"Fröhlichstrasse 4
5000 Aarau",3437
Foto Basler,Foto,Industrie und Werbeaufnahmen,"Bahnhofstrasse 18
5000 Aarau",3438
Pneu Egger AG,"Pneus, Pneuservice",Ihr Spezialist für Reifen und diverses Zubehör,"Neumattstrasse 4 
5001 Aarau",3439
"Post CH AG, Poststellengebiet Aarau",Dienstleistungen,,"Bahnhofstrasse 67
5001 Aarau",3440
Priska Hochzeits- und Festtagsmode AG,Boutique,,"Rathausgasse 28
5000 Aarau",3441
smARTec Veranstaltungstechnik,Veranstaltungstechnik,Vermietung von Multimedialer Veranstaltungstechnik,"Wässermattstrasse 7
5000 Aarau",3442
Kino Aarau AG,Kino,Kinos Aarau,"Kasinostrasse 13
5000 Aarau",3443
Restaurant Mürset,Gastgewerbe,,"Schachen 14/18
5000 Aarau",3444
Baubedarf-Richner-Miauton,Baugewerbe,Bäder und Plättli,"BR Bauhandel AG
Pulverhausweg 1
5033 Buchs AG",3445
"Rothpletz, Lienhard + Cie. AG",Baugewerbe,,"Schiffländestrasse 35
5001 Aarau",3446
Glockengiesserei H. Rüetschi AG,Diverse,Glockenguss. Kirchturmtechnik. Turmuhren. Zifferblätter. Kunstguss. Metallbau. Design. Restauration.Vergoldungsarbeiten,"Rain 44
5000 Aarau",3448
Paul Ryser AG,Sanitär - Heizung,Planung / Ausführung von Haustechnikanlagen,"Florastrasse 16
5001 Aarau",3449
Salon drü GmbH ,Podologie,"Institut für Kosmetik, Podologie","Kasinostrasse 25
5000 Aarau",3450
Implenia Schweiz AG,Baugewerbe,Profitcenter Aargau,"Modernisation & Development
Bahnhofstrasse 24
5000 Aarau",3451
IN4OUT AG,Computer,Informatik Dienstleistungen,"Hintere Bahnhofstrasse 6
5000 Aarau",3452
BOWLING-CENTER AARAU,Gastgewerbe,"Bowling, Billard, Barbetrieb und Unterhaltungsspiele","Rohrerstrasse 102
5000 Aarau",3453
Schenker Storen AG,Storen und Rollladen,,"Stauwehrstrasse 34
5012 Schönenwerd",3455
Schlüssel Informatik AG,Internet,,"Graben 10
5000 Aarau",3456
infowirt.ch gmbh,Dienstleistungen,"Keine Strasse ist lang, mit einem Freund an der Seite.","Herzogstrasse 4
5000 Aarau",3457
Schuh Wehrli,Schuhe,,"Graben 26
5000 Aarau",3458
Ortholine Aarau,Gesundheit,,"Ziegelrain 11
5000 Aarau",3459
Printpark GmbH,Digitaldruck & Werbetechnik,"Wir realisieren Beschriftungen und Werbung an Gebäuden, Fahrzeugen und Verkaufspunkten.","Mitteldorfstrasse 35
5033 Buchs",3460
Brunner Zimmerei Holzbau GmbH,Holzbau,Für Qualität im Holzbau - von der Planung bis zur Ausführung. ,"Picardiestrasse 25
5040 Schöftland",3461
Credit Suisse (Schweiz) AG,Bank,Bankdienstleistungen,"Bahnhofstrasse 20
5001 Aarau",3462
Die Mobiliar Versicherungen & Vorsorge,Versicherung,mobi 24 - 24 Std. Zentrale,"Kasinostrasse 29
5001 Aarau",3463
UBS AG,Bank,UBS AG,"Bahnhofstrasse 61
Postfach
5000 Aarau",3466
Kähli AG,"Maler, Sandstrahler",Malerarbeiten aller art / Sandstrahlen mobil u. statonär,"Obermattweg 10
5032 Aarau Rohr",3468
PricewaterhouseCoopers AG,Treuhand,Wirtschaftsprüfung und Steuerberatung,"Bleichemattstrasse 43
5000 Aarau",3469
pandanet.ch GmbH,Computer,IT- Dienstleistungen,"Stauwehrstrasse 40
5012 Schönenwerd",3470
"Zurich, Generalagentur Vincenzo Centolanza",Versicherung,"Versicherung, Vorsorge, Vermögen für Firmen und Private","Industriestrasse 14
Agentur Aarau / Oberentfelden
5036 Oberentfelden",3471
profex broker AG,Versicherung,http://www.profexbroker.ch,"Distelbergstrasse 22
5000 Aarau",3472
ENGIE Services AG,Gebäudetechnik,,"Hinterdorfstrasse 21
5032 Aarau Rohr",3474
Tele M1 AG,Medien,,"Neumattstrasse 1
5001 Aarau",3475
Thut Architekten AG,Architektur,Dipl. Architekten FH/STV,"Wässermattstrasse 12
5000 Aarau",3477
thv AG,Treuhand,"Buchhaltung, Steuern, Recht, Revision","Ziegelrain 29
5001 Aarau",3478
Urech Optik AG,Optik,,"Vordere Vorstadt 18
5000 Aarau",3480
BDO AG,Treuhand,Treuhand- und Beratungsgesellschaft,"Entfelderstrasse 1
5001 Aarau",3482
Visus Service GmbH,Dienstleistungen,"Beratungen für Management, Marketing, Verwaltung","Postfach 4218
5001 Aarau",3483
PSS Stoltenberg,Getränke,Unterhaltsarbeiten in der Getränkeindustrie,"Schiffländestrasse 4
5000 Aarau",3484
Vital AG,Diverse,"Vormischungen für Futtermittel, Tierarzneimittel","Industriestrasse 30
Postfach
5036 Oberentfelden",3485
Mittelland-Personal AG,Personal,Stellenvermittlung für die Industrie und das Industrie-nahe Gewerbe,"Igelweid 22
5001 Aarau",3487
innov8 AG,Internet,"Grafik, Druck & Web Solutions","Delfterstrasse Süd 12
5000 Aarau",3492
AXA Winterthur Generalagentur Marcello Pierri,Versicherung,Generalagentur Marcello Pierri,"Schlossplatz 1
5001 Aarau",3493
Knaus Treuhand AG,Treuhand,"Treuhand-Dienstleistungen, Mitglied Treuhand│Suisse","Aarepark 6
5000 Aarau",3495
Zahner Platten AG,"Bodenbeläge, Teppiche, Parkett",Wand- und Bodenplatten,"Hauptstrasse 98b
5032 Aarau Rohr",3497
ZILTENER AG,Metallbau,,"Wässermattstrasse 2
5000 Aarau",3498
Zimmermann Gartenbau AG,Gartenbau,,"Hebelweg 6
5000 Aarau",3499
Zubler Partner Architekten,Architektur,Planung und Ausführung von Hochbauten,"Hohlgasse 58
5000 Aarau",3500
Zubler AG,Baugewerbe,"Bauunternehmung, Zimmerei, Fensterfabrik","Gönhardweg 28
5001 Aarau",3501
ISI PRINT AG,Druck,ISI Print ist Ihr regio­naler Partner in Aarau für mass­geschnei­derte Lösungen,"Tellistrasse 114
5000 Aarau",3503
Avanti Bau GmbH,Baugewerbe,Abdichtung / Bautenschutz,"Pestalozzistrasse 49
5001 Aarau",3504
Raiffeisenbank Aarau-Lenzburg,Bank,,"Kasinostrasse 37
5000 Aarau",3505
CS-Computing GmbH,Computer,Informatikdienstleistungen,"Hauptstrasse 73
5032 Aarau Rohr",3506
A-Zulauf Musikinstrumente GmbH,Musik,Musikgeschäft &amp; Musikschule,"Zentrum Brauerei, Mitteldorfstrasse 37
5033 Buchs",3507
Rechtsanwalt Dr. Beat Ries,Advokatur- und Notariatsbüro,Rechtsanwalt,"Bleichemattstrasse 43
5001 Aarau",3508
kaz. Kaufmännisches Ausbildungszentrum Aarau,Schule,"Handelsschule, Neuorientierung, Kaderschule","Kasinostrasse 19
5000 Aarau",3511
Valiant Bank AG,Bank,"Valiant - Nähe, die Sie weiter bringt.","Laurenzenvorstadt 1
5001 Aarau",3512
Bouygues E&S In Tec Schweiz AG,Elektro und Telekommunikation,Wir verstehen Gebäude!,"Postfach 2228
5001 Aarau",3514
Zinniker Rudolf Fürsprecher und Notar,Advokatur- und Notariatsbüro,Advokatur &amp; Notariat,"Frey-Herosé-Strasse 20
5001 Aarau",3515
BCO Treuhand + Vorsorge AG,Finanzplanung,Treuhand und Vorsorge,"Rain 41
5001 Aarau",3516
Immotelli,Immobilien,Liegenschaftsverwaltung,"Tellistrasse 116
5000 Aarau",3518
Jaisli-Beck AG,Bäckerei - Konditorei - Confiserie,,"Oberdorfstrasse 9
5033 Buchs",3520
Restaurant Rathausgarten Gastro GmbH,Gastgewerbe,,"Obere Vorstadt 36
5000 Aarau",3523
AWB Beratungen AG,Immobilien,Immobilienverwaltung und -beratung,"Bahnhofstrasse 10
5001 Aarau",3524
Scherer Treuhand AG,Treuhand,,"Kasinostrasse 19
5000 Aarau",3525
"Spaghetti-Factory ""Salmen"" Spago SA",Gastgewerbe,,"Metzgergasse 8
5000 Aarau",3526
Hirslanden Klinik Aarau,Gesundheit,Das private Gesundheitszentrum im Mittelland,"Schänisweg
5001 Aarau",3527
H2G Internetagentur,Internet,Beratung und Umsetzungen im Bereich Internetlösungen,"Halden 36
5000 Aarau",3528
Schärer Daniel Verbandsdienstleistungen,Unternehmensberatung,,"Bahnhofstrasse 86
5001 Aarau",3531
Hunziker Martina,Rechtsanwalt,,"Hintere Bahnhofstrasse 6
5001 Aarau",3532
Randstad (Schweiz) AG,Personal,Personaldienstleister Technik/Industrie,"Igelweid 3
5001 Aarau",3533
Bolliger Schmuck und Uhren,Bijouterie - Uhren,,"Rathausgasse 23
5000 Aarau",3534
H & T Raumdesign AG,Baugewerbe,"Innenausbau, Einbruchschutz, Haustüren, Schiebewände, Harmonikatüren","Rohrerstrasse 20
5000 Aarau",3535
Garage Zimmerli Aarau AG,Automobile,Autogarage,"Hauptstrasse 1
5032 Aarau Rohr",3538
MCS Meier,Automobile,Carrosserie und Lackierwerk,"Buchserstrasse 53
5000 Aarau",3539
Die Mobiliar Versicherungen & Vorsorge,Versicherung,Versicherungen & Vorsorge,"Kasinostrasse 29
5001 Aarau",3541
Robert Hauri GmbH,Transporte,Hauswartungen und Transporte,"Troxlerweg 4
5000 Aarau",3542
Hochuli + Co Liegenschaftsverwaltung,Immobilien,,"Pfrundweg 1
5000 Aarau",3543
CSD Ingenieure AG,Ingenieurbüro,"Ingenieurbüro für Umwelt, Geolgie, Bau, Energie und Wasser","Schachenallee 29A
5000 Aarau",3544
Dörig & Partner AG,Finanzplanung,Greifbare Lösungen für Ihre sichere Zukunft.,"Herzogstrasse 12
5001 Aarau",3545
Modellbahn-Center Eurobahn,"Geschenke, Basteln, Spielwaren",Modellbahn-Center,"Hauptstrasse 14
5032 Aarau Rohr",3547
Felix Steiner AG,Baugewerbe,"Schreinerei, Küchen , Innenausbau, Massmöbel","Künzlimattstrasse 1
5032 Aarau Rohr",3548
Biofischzucht Nadler AG,Lebensmittel,Produktion von Bio-Forellen/-Saiblingen,"Bibersteinerstrasse 6
5032 Aarau Rohr",3549
EBERHARD & Partner AG,Ingenieurbüro,"Fachberater in Geologie, Geothermie, Energie, Altlasten, Geotechnik","General Guisan-Strasse 2
5000 Aarau",3550
Hochhaus AG,Immobilien,,"Hauptstrasse 14
5032 Aarau Rohr",3551
Husistein AG,Immobilien,Immobilien,"Hauptstrasse 73
Immobilien
5032 Aarau Rohr",3552
ERNE AG Bauunternehmung,Baugewerbe,"Hochbau, Tiefbau, Werterhaltung, Bauservice, Umbau, Sanierung, Totalunternehmen, Generalunternehmen","Baslerstrasse 5
5080 Laufenburg",3553
Hypothekarbank Lenzburg AG,Bank,Leiter Region Aarau,"Postweg 1
5034 Suhr",3554
Kosmetikstudio,Kosmetik,Kosmetikstudio,"Römerstrasse 14
5032 Aarau Rohr",3555
Le Coiffeur Daniela,Coiffure,Coiffeursalon,"Hauptstrasse 7
5032 Aarau Rohr",3556
Maurer Motos AG,Velos - Motos,,"Gartenstrasse 21
5032 Aarau Rohr",3558
Maurer Treuhand AG,Treuhand,,"Hauptstrasse 73
5032 Aarau Rohr",3559
Mercedes-Benz Automobil AG,Automobile,Nutzfahrzeuge,"Zweigniederlassung Rohr
Hauptstrasse 104
5032 Aarau Rohr",3560
Metzgerei Speck GmbH,Metzgerei,Metzgerei,"Hauptstrasse 42
5032 Aarau Rohr",3561
Naegeli Maschinencenter AG,Eisenwarenhandel,Elektrowerkzeuge+Motorgeräte,"Hauptstrasse 106
5032 Aarau Rohr",3563
inter-punkt. ag,Werbung,Web- und Werbeagentur,"Metzgergasse 6B
5034 Suhr",3565
Triflex Treuhand AG,Treuhand,Treuhandbüro,"Hauptstrasse 60
5032 Aarau Rohr",3566
Schmid Velosport AG,Velos - Motos,Velohandlung,"Hauptstrasse 58
5032 Aarau Rohr",3567
Vorburger Kurt AG,Sanitär - Heizung,"Heizung, Sanitär","Hauptstrasse 15a
5032 Aarau Rohr",3568
MFH Consulting GmbH,Unternehmensberatung,FREIGERÄUMT arbeiten - führen - handeln,"Imhofstrasse 4
5000 Aarau",3569
W + S AG,Elektro,Elektroinstallationen,"Lindenweg 4
5032 Aarau Rohr",3570
"Zimmermann AG, Lösungen für Immobilien",Immobilien,"Projektentwicklungen für Private, Investoren und Behörden","Laurenzenvorstadt 25
5000 Aarau",3571
Groupe Mutuel,Versicherung,"Personenversicherer (Krankenversicherung, Krankenzusatzversicherung, Taggeld, UVG, BVG und Leben).","Buchserstrasse 12
5000 Aarau",3572
Aarauer Nachrichten,Medien,"Verlagshaus Zehnder Wil - Herausgabe Aarauer Nachrichten, Aargauer Rundschau, Nachrichten fürs Limmattal","Delfterstrasse Süd 10
5004 Aarau",3574
Migros Bank AG,Bank,Migros Bank - es geht auch anders,"Bahnhofplatz 4
5001 Aarau",3575
Residenz Cartau,Gesundheit,privates Pflege- und Altersheim,"Im Aarepark 3B
5000 Aarau",3576
bilanz & erfolg ag,Treuhand,Rechnungswesen und Immobilientreuhand,"Laurenzenvorstadt 57
5000 Aarau",3577
BIKU Languages AG,Aus- und Weiterbildung,"Vermittlung von Business-, Allgemein- und Examen-Sprachkursen an führenden Sprachschulen im Sprachgebiet","Vordere Vorstadt 8
5001 Aarau",3579
Andi Schumacher Gartenbau GmbH,Gartenbau,Ein junges inovatives Gartenbau Unternehmen,"Hauptstrasse 57
5032 Aarau Rohr",3580
Anwaltspraxis Hochstrasser,Rechtsanwalt,Spezialisierte Anwaltskanzlei für Versicherungsrecht und Haftplichtrecht,"Rain 41
5000 Aarau",3583
NEUE IMMO AG,Immobilien,Immobilien-Treuhand / Schätzen / Verwalten / Verkauf,"Ziegelrain 11
5000 Aarau",3584
TM Concept AG,Dienstleistungen,Generalplanungen von Kommunikationsinfrastrukturen,"Delfterstrasse 12
5000 Aarau",3585
INSURA Consulting Urech & Partner AG,Versicherung,Versicherungsbroker und Vorsorgeberatung für Firmenkunden,"Kasinostrasse 15
5001 Aarau",3586
Siegrist Dr. Markus,Advokatur- und Notariatsbüro,"Bau-, Planungs- , Enteignungs- und Immobilienrecht","Bleichemattstrasse 43
5001 Aarau",3587
TEMPORIS PERSONAL AG,Personal,Personaldienstleitungen - Stellenvermittlung,"Igelweid 5
5001 Aarau",3590
Schwaller Flury Dübendorfer Rechtsanwälte und Notare,Advokatur- und Notariatsbüro,Forensische und beratende Dienstleistungen in den Bereichen Advokatur und Notariat,"Laurenzenvorstadt 11
5001 Aarau",3591
Vitalyse Aarau,Gesundheit,"Praxis für Ernährung, Gewichtsreduktion und Gesundheit","Bahnhofstrasse 3
5000 Aarau",3592
Druckerei AG Suhr,Druck,"Visuelle Kommunikation - Ihr Partner im Grossraum Aarau für Gestaltung, Druck, Weiterverarbeitung und Lettershop!","Postweg 2
5034 Suhr",3593
SWICA Gesundheitsorganisation,Versicherung,Kranken- und Unfallversicherung,"Bahnhofstrasse 4
5001 Aarau",3594
Baumpflege Kauffungen GmbH,Baumpflege,"Beratung, Pflanzung, Schnitt, Fällung, Baumschutz auf Baustellen, alle Dienstleistungen rund um den Baum.","Hauptstrasse 37e
5032 Aarau Rohr",3597
Eglin Elektro AG Aarau,Elektro und Telekommunikation,Elektro und Telekommunikations-Installationen ini Neu- und Umbauten wie auch Industrie,"Neumattstrasse 2
5000 Aarau",3598
safehands GmbH,Projektleitung / Management auf Zeit,Flexible und  professionelle Managementkompetenzen als Entlastung für Sie und Ihr Team,"Hungerbergstrasse 35
5000 Aarau",3599
axelion AG,EDV,It works.,"Neumattstrasse 2
5000 Aarau",3600
Wehrli Weinbau AG,Weine und Spirituosen,Die Weinfamilie aus dem Aargau,"Oberdorfstrasse 8
5024 Küttigen",3602
KBT Treuhand AG Aargau,Treuhand,Neue Niederlassung der KBT Holding,"Bachmattweg 18
5000 Aarau",3603
Rohrputz-Loriol AG Kanalservice,Kanalservice,"Rohrputz-Loriol reinigt, spült, saugt, entstopft im Haus und rund ums Haus","Industriestrasse 48
4657 Dulliken",3604
CONCORDIA,Versicherung,"CONCORDIA, Dir vertraue ich","Buchserstrasse 12
5001 Aarau",3605
wisol technologie GmbH,Maschinensteuerungen,Entwicklung und Wartung von Steuerungen im industriellen Umfeld,"Industriestrasse 10
5036 Oberentfelden",3606
Laufwerk GmbH,Gesundheit,Fachgeschäft für technische Orthopädie und Gesundheit.,"Siebenmatten 1b
5032 Aarau Rohr",3607
CAP-Kommunikation,Coaching Persönlichkeitsentwicklung,Inhouse-Mentalseminare / Hypnosecoaching / Mentalcoaching / Tiefenkommunikation,"Rain 26
5000 Aarau",3608
WEBSAMURAI AG,Internet,Die WEBSAMURAI AG ist eine junge und innovative Webagentur mit Sitz in Aarau,"Schachenallee 29
5000 Aarau",3610
Engel & Völkers,Immobilien,Immobilienberatung und Vermarktung,"Kronengasse 2
5000 Aarau",3611
Fuchsgroup Consulting AG,EDV,"Die Fuchsgroup Consulting AG ist ein Dienstleistungsunternehmen für Beratung, Konzeption und Schulung rund um ihre Geschäftsprozesse.","Bahnhofstrasse 67
5000 Aarau",3618
aarau info,Standortmarketing Tourismus,Tourismusbüro,"Metzgergasse 2
5000 Aarau",3619
GRIBI Bewirtschaftung AG,Immobilien,Verkauf/Erstvermietung/Bewirtschaftung/Baumanagement,"Buchserstrasse 3
5000 Aarau",3620
Stephan Kohler Managementberatung,Unternehmensberatung,,"Philosophenweg 42 A
5000 Aarau",3630
Apleona Real Estate AG,Immobilien,,"Rain 53
Postfach
5001 Aarau",3631
Livesystems AG,Medien,passengertv,"Rüttistrasse 26
8952 Schlieren",3632
Kairos BCT,Coaching Persönlichkeitsentwicklung,,"Metzgergasse 8
5000 Aarau",3633
"Thomas Käser, Rechtsanwalt und Notar",Advokatur- und Notariatsbüro,Umfassende Dienstleistungen und massgeschneiderte Lösungen in den Bereichen Advokatur und Notariat.,"Zelglistrasse 15
Postfach
5001 Aarau",3635
Reaktor AG,Kommunikation,,"Laurenzenvorstadt 25
5000 Aarau",3636
Prädikat GmbH,Kommunikation,Lead-Agentur,"Laurenzentorgasse 16
Die Agentur für nachhaltige Kommunikation.
5000 Aarau",3637
"Swiss Life, Generalagentur Aarau, Markus Rosenberg",Versicherung,Versicherungsgesellschaft,"Hintere Bahnhofstrasse 85
Versicherungsgesellschaft
5000 Aarau",3639
REIST PARTNER AG,Treuhand,,"Schiffländestrasse 27 A
5000 Aarau",3640
flexMedics AG,Personal,Personal im Gesundheitswesen,"Bahnhofstrasse 17
5000 Aarau",3643
EntwicklungsART GmbH,Unternehmensberatung,Beratung von Firmen in unterschiedlichen Branchen und Grössen,"Mühlemattstrasse 42
5000 Aarau",3644
Restaurant Beluga AG,Gastgewerbe,,"Vordere Vorstadt 17
5000 Aarau",3648
acustix - Das Leben hören.,Gesundheit,Der Hörgeräteakustiker mit der persönlichen Beratung,"Bibersteinerstrasse 4
Postfach 34
5022 Rombach",3649
Helvetia Versicherungen Generalagentur Aarau,Versicherung,,"Mitteldorfstrasse 37
Roger Seiger
5033 Buchs",3650
Witzig The Office Company AG,Büroeinrichtungen,,"Rohrerstrasse 78
5000 Aarau",3651
hilfiker & partner ag,Versicherung,,"Zollrain 14
5001 Aarau",3652
Gastroenterologie Aarau AG,Gesundheit,,"Buchserstrasse 18
Dr. med. Florian Riniker
5000 Aarau",3653
Aconum GmbH,Unternehmensberatung,,"Siebenmatten 24
5032 Aarau Rohr",3654
ImUmReinigung Susanne Kaufmann,Dienstleistungen,"Reinigung für Gewerbe und Privat, Hauswartung, Bügelservice, Haushaltcoaching,","Siebenmatten 69
5032 Aarau Rohr",3656
KMU Personal AG Aarau,Personal,,"Bahnhofstrasse 33
5001 Aarau",3659
Dorfgarage Daniel Imfeld AG,Automobile,Die Garage Ihres Vertrauens!,"Gösgerstrasse 29
5015 Erlinsbach",3660
ACW AG Aarauer Carrosserie Werke,Automobile,,"Wässermattstrasse 12
5004 Aarau",3661
mobile it solutions gmbh,Computer,Informatik und EDV- Dienstleistungen,"Rohrerstrasse 102
5000 Aarau",3663
Otto M. Meier,Versicherung,Versicherungs- und Vorsorgelösungen,"Steingasse 9
Versicherungs- und Vorsorgelösungen
5102 Rupperswil",3664
second opinion gmbh,Kommunikation,Marketing & Kommunikation,"Hallwylstrasse 12
c/o Peter E. Renggli
5000 Aarau",3665
Jürg Willi & Partner AG,,,"Laurenzenvorstadt 21
5000 Aarau",3666
Immobilia 4 AG,Immobilien,"Verkauf, Schätzung und Beratung für Immobilien","Zwischen den Toren 4
5000 Aarau",3667
wirkungs-Stark,Kommunikation,Grafik & Konzept,"Schachenallee 29
5000 Aarau",3670
Hotel Kettenbrücke AG,Gastgewerbe,Hotellerie,"Zollrain 16
5000 Aarau",3671
Gasser Consulting AG,Beratungsstelle,"Scheidung, Trennung, Arbeit, Erbschaft und aussergerichtliche Streitschlichtung, Mediation","Kelleräckerstr. 14
Zweitbüro
8967 Widen",3672
Previon Plus AG,Internet,"Previon ist eine Agentur, die Kreativität, Technologie und Daten vereint.","Aeschbachweg 12
5000 Aarau",3673
"Lotus Reinigung, Alan Arkula",,Gebäudereinigung & Hauswartung,"Effingerweg 10
5000 Aarau",3677
Michael Schibli,Treuhand,Treuhand / Immobilien,"Hombergstrasse 2
5000 Aarau",3678
Welte Treuhand AG,Treuhand,,"Schiffländestrasse 27A
Postfach 4323
5001 Aarau",3679
small Foot AG - Die Kinderkrippe,Dienstleistungen,,"Schachenallee 31
5000 Aarau",3680
MANPOWER,Personal,,"Kasinostrasse 25
5000 Aarau",3681
Nova Tours AG,Reisen,,"Kirchgasse 1
5000 Aarau",3682
Bolliger Neukom Treuhand,Immobilien,,"Weltistrasse 9
Postfach 2417
5001 Aarau",3683
ESL – Sprachaufenthalte,Reisen,Kurse für mehr als 20 Fremdsprachen in über 250 Destinationen,"Igelweid 22
5000 Aarau",3685
MAMO Verkehrsdienst GmbH,Sicherheitsdienst,Verkehrsdienst - Kontrolle ruhender Verkehr - Schwertransportbegleitung,"Neumattstrasse 29
Postfach
5001 Aarau",3686
Fasler Treuhand und Revisionen GmbH,Treuhand,,"Bleichemattstrasse 11
5000 Aarau",3687
PMI.AG,,Informatik und Kommunikationstechnologie,"Bleichemattstrasse 2
5000 Aarau",3689
buntBund Floristik GmbH,Blumen,,"Rain 15
5000 Aarau",3690
Andreas Marti & Partner Architekten AG,Architektur,,"Rathausgasse 29
5000 Aarau",3691
Psychologische Laufbahnberatung Aarau,Beratungsstelle,"Berufs- und Laufbahnberatung für alle Altersgruppen, Bewerbungscoaching","Laurenzenvorstadt 89
5000 Aarau",3692
Rechtsanwälte und Notariat leiser.meyer.müller,Advokatur- und Notariatsbüro,,"Rathausgasse 9
Advokatur und Notariat
5000 Aarau",3693
90 Grad Café Bar,Gastgewerbe,,"Bahnhofstrasse 35
5000 Aarau",3694
planerkiste architekturplanungen,Architektur,,"Müliweg 3
5033 Buchs",3695
Licht & Wohnen - Daniel Kuhn,Innenarchitektur,Lichtlösungen aus einer Hand,"Tramstrasse 59
Lichtberatung - Planung - Realisation
5034 Suhr",3696
Wilhelm + Wahlen Bauingenieure AG,Ingenieurbüro,"Bauingenieurbüro mit Niederlassungen in Aarau und Zofingen für Hoch-, Tief- und Brückenbau, Erdbebeningenieurwesen und Bauwerkserhaltung","Kasinostrasse 15
5000 Aarau",3697
RE/MAX,Immobilien,,"Bahnhofplatz 7
5400 Baden",3698
SCHIBLI & PARTNER Advokatur und Notariat AG,Rechtsanwalt,"Wir beraten Sie in allen Bereichen des Rechts, wenn nötig mit Unterstützung unseres Notars und unserer Treuhänder!","Bahnhofstrasse 57
Postfach
5001 Aarau 1",3699
ISG Personalmanagement (Schweiz) GmbH,Personal,Internationaler Komplettanbieter für Personaldienstleistungen,"Buchserstrasse 12
5000 Aarau",3700
academia language school,Aus- und Weiterbildung,Sprach- und Lernzentrum für Firmen wie Privatkunden,"Bahnhofstrasse 53
5000 Aarau",3701
Kantonsspital Aarau AG,Gesundheit,,"Tellstrasse 25
5001 Aarau",3703
Schäfer Zimmerei AG,Baugewerbe,,"Laurenzenvorstadt 61
5000 Aarau",3704
aaretax Treuhand AG,Treuhand,Treuhandbüro,"Rain 63
5000 Aarau",3705
Haworth Büromöbel GmbH,Büroeinrichtungen,Haworth ist mehr als ein Büromöbelhersteller,"Badstrasse 5
5737 Menziken",3706
Cellere Bau AG,Baugewerbe,,"Herzogstrasse 41
5001 Aarau",3707
HSO Wirtschafts- und Informatikschule,Aus- und Weiterbildung,,"Bahnhofplatz 4
5000 Aarau",3708
SIS Swiss International School,Aus- und Weiterbildung,"Private, bilinguale Tagesschule","Schachenstrasse 24
5012 Schönenwerd",3710
Babel Service,Dienstleistungen,,"Girixweg 45
Mechthild Babel
5000 Aarau",3712
Rückenwind KLG,,,"Asylstrasse 15
5000 Aarau",3713
rs academy gmbh,Schule,rs academy gmbh - the art of education!,"Lochweg 8c
5023 Biberstein",3714
Generali Versicherungen,Versicherung,,"Rain 35
5000 Aarau",3715
1a Gebäudemanagement André Buess,Dienstleistungen,"Hauswartung, technischer Unterhalt, Projekte","Pestalozzistrasse
45
5000 Aarau",3716
Maier Gastronomie GmbH | Restaurant EINSTEIN,Gastgewerbe,,"Bahnhofstrasse 43
5000 Aarau",3717
BERDAAG AG,Immobilien,"Wir vermieten, verwalten und verkaufen Immobilien seit 1998","Hallwylstrasse 9
5000 Aarau",3718
Serves AG,Treuhand,,"Gartenstrasse 28
5400 Baden",3720
Aarauer Coworking Genossenschaft,Dienstleistungen,Coworking Genossenschaft im Herzen von Aarau,"Bachstrasse 84
c/o immodea Daniel Hediger
5000 Aarau",3721
Caminada AG,Dienstleistungen,,"Florastrasse 10
Bestattungsinstitut
5000 Aarau",3722
RE/MAX your choice - Aarau,Immobilien,,"Aeschbachhalle 6
5000 Aarau",3723
Anwaltskanzlei Dr. Weltert,Advokatur- und Notariatsbüro,,"Bahnhofstrasse 10
5001 Aarau",3724
NEUE GALERIE 6 AARAU,Diverse,,"Milchgasse 35
5000 Aarau",3725
Porta AG,Ingenieurbüro,,"Buchserstrasse 12
5000 Aarau",3726
BCG Behmen Versicherungsbroking AG,Versicherung,,"Hintere Bahnhofstrasse 10
Jan van Rijs
5001 Aarau",3727
Ackermann+Wernli AG,Ingenieurbüro,Vermessungs- und Ingenieurbüro,"Bleichemattstrasse 43
5000 Aarau",3728
