name,branche,beschreibung,adresse,id,ansprechperson,email,telefon,telefax
Göldlin Apotheke,Apotheke,Apotheke,"Rathausgasse 29
5001 Aarau",3313,Dr. Christian Göldlin,apogo@bluewin.ch,062 822 10 67,062 822 17 60
Architekten-Gruppe Bircher Roth von Arx AG,Architektur,,"Stritengässli 24
5000 Aarau",3315, ,info@architektengruppe.ch,062 823 05 04,062 823 05 79
Fritz Glaus & Co. AG,Automobile,Garage / Verkauf -> Nutzfahrzeuge / Personenwagen,"Postfach 2836
5001 Aarau",3316,Hans-Peter Glaus,h.p.glaus@glaus.ch,062 858 68 78,062 858 68 83
Furter Bäckerei - Konditorei,Bäckerei - Konditorei - Confiserie,"Brot, Bio Brot","Bahnhofstrasse 9
5000 Aarau",3317,Mario Monaco-Oesch,info@bio-brot.ch,062 822 38 19,062 825 12 08
Aargauische Kantonalbank,Bank,Regionaldirektion Aarau,"Bahnhofplatz 1
5001 Aarau",3318,Rene Nyffenegger,Rene.Nyffenegger@akb.ch,062 835 73 30,062 835 77 87
Aarebau AG,Bedachungen,Flachdach- und Spenglerarbeiten,"Staffeleggstrasse 16
5024 Küttigen",3319,Natalie Hammel,info@aarebau.ch,062 839 00 30,062 839 00 40
Aarebeton Aarau AG,Baugewerbe,Produktion und Vertrieb von Transportbeton,"Im Lostorf 3
5033 Buchs",3322,Adriano Barone,office@aarebeton.ch,062 823 76 70,062 832 30 01
Aare Touring Garage AG,Automobile,,"Steinachermattweg 1
5033 Buchs",3323,Mischa Faes,info@aare-touring.ch,062 834 44 88,062 834 44 89
AZ Zeitungen AG,Medien,Medien,"Neumattstrasse 1
5001 Aarau",3324,Alexandra Heiniger,alexandra.heiniger@azmedien.ch,058 200 53 53,058 200 53 54
Widmer Peter E.,Advokatur- und Notariatsbüro,,"Hintere Bahnhofstrasse 6
5001 Aarau",3326,"Peter E. Widmer lic. iur., Notar",peter.widmer@5001.ch,062 837 50 00,062 837 50 01
Aeschlimann AG,Baugewerbe,,"Herzogstrasse 27
5000 Aarau",3327,Kurt Andres,info@aeschlimann.ch,062 822 25 08,062 745 07 50
AFM Stadtgarage AG,Automobile,,"Weihermattstrasse 82
5001 Aarau",3328,Erich Morgenthaler,info@afmstadtgarage.ch,062 822 55 12,062 822 25 88
"Radio Medien AG, Radio Argovia",Medien,De Soundtrack zom Läbe,"Bahnhofstrasse 41
5001 Aarau",3329,Florian Wanner,florian.wanner@argovia.ch,058 200 45 45,058 200 45 90
APG|SGA Allgemeine Plakatgesellschaft AG,Werbung,Grösster Out-of-home Medienanbieter der Schweiz,"Mühlemattstrasse 50
5001 Aarau",3330,Ostelio Schifano,ostelio.schifano@apgsga.ch,+41 58 220 73 13,+41 58 220 73 97
Allianz Suisse,Versicherung,"Versicherung, Vorsorge, Vermögen","Hintere Bahnhofstrasse 8
5001 Aarau",3331,Reto Suter,reto.suter@allianz.ch,058 357 52 36,058 357 52 53
AMA Messe und Kongress AG,Dienstleistungen,Messe- und Eventorganisation,"Rössligutstrasse 2
5000 Aarau",3332,Suzanne Galliker,suzanne.galliker@wigra.com,062/ 832 30 20,062/ 832 30 21
Architektengemeinschaft 4 AG,Architektur,,"Laurenzentorgasse 16
5000 Aarau",3333,Jürg Häfeli,j.haefeli@a4ag.ch,062/ 836 47 47,062/ 836 47 44
"Ralph Schiltknecht, Rechtsanwalt und Mediator SDM",Advokatur- und Notariatsbüro,Advokatur / Mediation / Notariat,"Rain 53
5001 Aarau",3334,lic. iur. Ralph Schiltknecht,schiltknecht@schiltknecht-rechtsanwalt.ch,062 834 33 00,062 834 33 01
Pfisterer Fretz Rechtsanwälte,Rechtsanwalt,Wir beraten Sie umfassend insbesondere in Angelegenheiten des öffentlichen Rechts.,"Frey-Herosé-Strasse 25
5000 Aarau",3335,Lukas Pfisterer,pfisterer@pfisterer.ch,062 550 01 55,062 550 01 56
Aschwanden Aarau AG,Bedachungen,Bedachungen / Fassadenbau / Spenglerei,"Postfach
5001 Aarau",3336,Marcel Aschwanden,info@aschwandenag.ch,062 / 836 10 00,062 / 836 10 01
AWTreuhand AG,Treuhand,Treuhand und Revisionsgesellschaft,"Erlinsbacherstrasse 3
5001 Aarau",3337,Pius Portmann,info@awtreuhand.ch,062/ 822 34 77,062/ 822 35 36
Telecomcenter Aarau GmbH,Telecommunikation,,"Buchserstrasse 34
5000 Aarau",3338,Oliver Zbinden,info@telecomcenter.ch,062 825 16 16,062 825 16 17
"SCOOTER Fashion Shop, Baghdadi International AG",Mode - Bekleidung,"Damenmode für jede Gelegenheit, eigenes Label SCOOTER","Postfach 2421
5001 Aarau",3340,Hanny Baghdadi,info@scooterfashion.ch,062 834 50 00,062 834 50 05
AarauInvest AG,Vermögensverwaltung,Vermögensverwaltung und Finanzberatung,"Hohlgasse 45
5000 Aarau",3341,Stephan Schurter,stephan.schurter@aarauinvest.ch,062 822 91 91,062 822 98 00
Basler Versicherung AG / Basler Leben AG / Generalagentur Aarau,Versicherung,Versicherungs- und Finanzlösungen,"Laurenzenvorstadt 90
5001 Aarau",3342,Stephan Imoberdorf,stephan.imoberdorf@baloise.ch,+41 58 285 24 76,+41 58 285 57 75
Advokaturbüro Peter Forster,Advokatur- und Notariatsbüro,,"Kasinostrasse 30
5000 Aarau",3343,Peter Forster,forster@forsterlaw.ch,062 823 18 18,062 823 39 48
Berner AG  Printline,Druck,Digitaldruck - Werbetechnik - Plakate/Poster - Plan/Plot/Scan - Textildruck,"Rohrerstrasse 33
5001 Aarau",3345,Hanspeter Liniger,liniger@printline.ch,062 832 77 88,062 832 77 90
Bernheim & Co. AG,Mode - Bekleidung,Alain Bernheim,"Kasinostrasse 25
5000 Aarau",3347,Brigitte Bolliger,b.bolliger@bernheim.ch,062/ 832 41 41,062/ 832 41 59
Linder Blumen GmbH,Blumen,Qualität + Kreativität = Linder Blumen,"Bahnhofplatz 1
5001 Aarau",3348,Mathias Baumberger,administration@blumenlinder.ch,062 822 20 64,062 822 26 37
Bodmer Bauingenieure AG,Ingenieurbüro,"Dienstleistung, Ingbüro für Hoch- u. Tiefbau","Tellistrasse 114
5001 Aarau",3349,Markus Bodmer,info@bodmering.ch,062/ 838 21 80,062/ 838 21 81
Boschetti  AG,Sanitär - Heizung,"""De Boschetti wetti""","Weihermattstrasse 36
Postfach 2334
5001 Aarau",3351,Peter Amsler,amsler@boschetti.ch,062 / 837 64 64,062 / 837 64 00
Confiserie Tea Room Brändli Aarau AG,Bäckerei - Konditorei - Confiserie,,"Bahnhofstrasse 37
5000 Aarau",3353, ,info@confiserie-braendli.ch,062 822 12 28,062 822 28 36
Brillen - TROTTER AG,Optik,Diplomierte Augenoptiker,"Bahnhofstrasse 55
Postfach 2402
5001 Aarau",3354,Christian Stebler,info@trotteraarau.ch,062/ 838 22 22,062/ 838 22 00
Maler Stefanie Briner,Maler,"Maler- und Tapeziererarbeiten, Spanndecken, Naturofloor","Mühlemattstrasse 91
5000 Aarau",3355,Stefanie Briner,info@maler-briner.ch,062/ 824 60 50,
5000 hair Pino Costanzo,Coiffure,Damen- und Herrencoiffure,"Schiffländestrasse 27a
5000 Aarau",3356,Pino Costanzo,pino@5000hair.ch,062 824 80 80,
"Buser + Partner AG, dipl. Architekten ETH/SIA",Architektur,in Aarau und Umgebung seit 1946,"Jurastrasse 2
5000 Aarau",3359,"Michel Pesse , Architekt (Geschäftsleitung)",michel.pesse@buserundpartner.ch,062/ 822 72 82,062/ 824 13 71
Aarlux-Aarau GmbH,Elektro,"Handel mit lichttechnischen Produkten, insbesonders mit Leuchtmittel.","Schiffländestrasse 45
5000 Aarau",3360,Eduard A. Buholzer,info@aarlux.ch,062 822 04 03,062 823 12 70
La passion du vin AG,Weine und Spirituosen,Ausgesuchte Weine aus kleinen Produktionen.,"Laurenzentorgasse 7
5000 Aarau",3363,Matthias Seifritz Kaufmann,aarau@passionduvin.ch,062 823 70 40,062 823 70 22
Bank Cler,Bank,,"Kasinostrasse 17
Postfach
5001 Aarau",3365,Claudio Dello Preite,claudio.dellopreite@cler.ch,062/ 836 40 88,062/ 836 40 89
Herzig Interlook AG,,,"Graben 8
5000 Aarau",3367,M. Aviolat,info@interlook.ch,062 824 88 88,062 824 88 70
Vaudoise Versicherungen,Versicherung,Generalagentur Andy Siegenthaler,"Kasernenstrasse 26
5001 Aarau",3369,Andy Siegenthaler,asiegenthaler@vaudoise.ch,+41 62 838 06 06,+41 62 838 06 07
Vom Fass Aarau GmbH,Weine und Spirituosen,"Sehen, probieren, geniessen","Pelzgasse 15
5000 Aarau",3370,Elisabeth und Alfred Holenweg,info@vomfass-aarau.ch,062 822 86 30,062 822 86 33
Notariat Rudolf Fasler,Advokatur- und Notariatsbüro,"aargauischer Notar, eidg. dipl. Immobilientreuhänder","Bleichemattstrasse 11
5001 Aarau",3371,Rudolf Fasler,info@fasler-notariat.ch,062 824 00 44,062 824 36 44
Fasler Druck AG,Druck,,"Neumattstrasse 32
5000 Aarau",3372, ,contact@faslerdruck.ch,062/ 822 30 79,
Finocchiaro Parkettdesign GmbH,"Bodenbeläge, Teppiche, Parkett",Sanierungen und Neuverlegung von Bodenbelägen,"Delfterstrasse Süd 10
5004 Aarau",3373,Rosi Luongo,info@finocchiaro.ch,062/ 822 34 06,062/ 822 34 66
FMT Fachmarkt Möbel und Teppiche  AG,Möbelgeschäft,,"Küttigerstrasse 42
5001 Aarau",3374,Willy Buchser,info@fmt.ch,062/ 837 10 20,062/ 837 10 30
Frei Architekten AG,Architektur,,"Bleichemattstrasse 43
5000 Aarau",3375, ,info@frei-architekten.ch,062/ 834 90 50,062/ 834 90 60
Garage Rebmann AG,Automobile,,"Edisonstrasse 1
5033 Buchs AG",3376,Tobias Gloor,info@rebmann-ag.ch,062 835 60 60,062 835 60 66
Gasthof zum Schützen AG,Gastgewerbe,,"Schachenalle 39
5000 Aarau",3377,Manuela Schmid,ms@gasthofschuetzen.ch,062/ 823 01 24,062/ 822 00 53
Gebr. Strässle AG,Metzgerei,Traiteur / Party-Service,"Tramstrasse 31
5034 Suhr",3378,Herren Jürg und Remo Strässle,info@metzgerei-straessle.ch,062/ 855 90 80,062/ 855 90 85
Securitas AG,Sicherheitsdienst,Integrale Sicherheitsdienstleistungen,"Rain 42
5000 Aarau",3379,Aldo Lauber,aldo.lauber@securitas.ch,062 286 64 64,062 286 64 65
Glas + Spiegel René Müller GmbH,Glaserei,Glasschleiferei-Glasbau,"Picardiestrasse 5
5040 Schöftland",3380,René Müller,info@glasmueller.ch,062/ 822 80 44,062/ 824 89 34
Gloor Metallbau GmbH,Metallbau,,"Tellistrasse 18
5000 Aarau",3381,Gary Gloor,info@gloor-metallbau.ch,062/ 822 21 47,062/ 822 24 15
Goldschmied Gloor AG,Goldschmied,,"Rain 8
5000 Aarau",3382,Andreas Vögele,info@gloorgoldschmied.ch,062/ 822 26 75,062/ 822 68 52
Grassi L. AG,Velos - Motos,"Handel &amp; Reparaturen von Fahrrad, Mofa und Roller","Hammer 3
5000 Aarau",3383,Lorenzo Grassi,info@grassibikes.ch,062/ 822 22 14,062/ 822 54 46
Gräub Auto Center AG,Automobile,Carrosserie+Garage,"Industriestrasse 39
5036 Oberentfelden",3384,Reto Gräub,info@graeub.ch,062 837 59 59,062 837 59 49
Gruber Partner AG,Treuhand,prüfen - beraten - führen,"Bahnhofstrasse 78
5001 Aarau",3385,Marc Landolt,marc.landolt@gruberpartner.ch,062 834 03 30,062 834 03 40
Gygax Uhren Schmuck Erleben AG,Bijouterie - Uhren,"Uhren, Bijouterie, Schmuck, Trauringe, Verlobungsringe, Perlen, Diamanten, Breitling, Zentih, Chopard, Maurice Lacroix, Rado, Ebel, mechanische Uhren, Goldschmiede, Schmuckanfertigungen, Schmuckdesign","Bahnhofstrasse 31
5000 Aarau",3386,David Gygax,info@gygax.com,062 832 52 52,
Gytronic AG,Lautsprecheranlagen,"Ruf- und Musikanlagen (ELA), HomeCinema","Bahnhofstrasse 50
5507 Mellingen",3387,Björn Brühlmann,gytronic@gytronic.ch,062/ 822 50 31,
Hagenbuch AG,Papeterie,,"Vordere Vorstadt 21
5001 Aarau",3388,Doris Tarmann,info@hagenbuchag.ch,062/ 822 22 59,062/ 824 77 18
Hans Hassler AG,"Bodenbeläge, Teppiche, Parkett",Bodenbeläge + Vorhangsysteme,"Rohrerstrasse 78
5001 Aarau",3389,Reto Berli,r.berli@hassler.ch,062 832 08 32,062 832 08 33
Häuptli & Marchesi AG,"Bodenbeläge, Teppiche, Parkett",Plattenleger und Kundenmaurer,"Rohrerstrasse 62
5001 Aarau",3390,Rolf Schär,info@haeuptli-marchesi.ch,062 822 70 88,062 822 00 45
Häusermann AG,Automobile,,"Rohrerstrasse 30
5000 Aarau",3391, ,info@garage-haeusermann.ch,062/ 838 20 80,062/ 822 26 27
Graviertechnik Heidersberger AG,Gravuren,Gravuren Schilder Kinderbestecke Stempel Pokale Tafelbestecke Verbotsschilder Technikschilder Zinnwaren Kindergeschirr,"Bircher Benner-Weg 2
5001 Aarau",3392,Beat Heidersberger,info@graviertechnik.ch,062/ 824 52 15,062/ 824 60 71
Heiz Schriften AG,Schrift - und Reklamegestaltung,,"Tellistrasse 41
5000 Aarau",3393,Rolf Fischer,info@heizschriften.ch,062/ 822 29 64,062/ 822 34 79
Heizmann AG,Schlauchtechnik,Grosshandel + Produktion,"Neumattstrasse 8
5000 Aarau",3394,Karin Streit-Heizmann,karin@streit-heizmann.ch,062/ 834 06 06,062/ 834 06 05
HKG Engineering AG,Ingenieurbüro,,"Mühlemattstrasse 16
5001 Aarau",3395,René Herzog,r.herzog@hkg.ch,062/ 834 54 54,062/ 834 54 55
Malermeister Hochuli AG,Maler,Malen Tapezieren Naturofloor Beläge Dekorationen Farbberatung,"Pfrundweg 1
5000 Aarau",3396,Stefan Schürch,s.schuerch@hochuliaarau.ch,062/ 822 13 16,062/ 822 13 07
Aarauer Praxis,Gesundheit,"Praxis für Akupunktur & Alternativmedizin / Praxis für Kinderwunsch, Schwangerschaft & Geburt","Bachstrasse 59
5000 Aarau",3397,Corinne Briner,info@aarauerpraxis.ch,076 437 98 77,
Hochuli Malergeschäft GmbH,Maler,"Malen, Tapezieren, Fassaden, Farbberatung-+Gestaltung","Buchserstrasse 51
5000 Aarau",3398,Koni Hochuli,info@maler-hochuli.ch,062/ 822 32 14,062/ 822 32 14
Hofer Max,Sanitär - Heizung,Spenglerei Sanitär Heizung,"Kirchgasse 15
5000 Aarau",3399,Max Hofer,,062 822 12 44,062 849 12 38
Sorell Hotel Aarauerhof,Gastgewerbe,Aarauerhof Konferenz- & Seminarhotel Wellnessoase -Restaurants,"Bahnhofplatz 2
5000 Aarau",3400,Nadine Courtial,nadine.courtial@sorellhotels.com,062/ 837 83 00,062/ 837 84 00
Scholl Lienhard & Partner Rechtsanwälte,Advokatur- und Notariatsbüro,,"Laurenzenvorstadt 19
5001 Aarau",3402,Herbert Scholl,scholl@slp.ch,062/ 836 40 50,062/ 836 40 60
Eniwa AG,Elektro,,"Industriestrasse 25
5033 Buchs",3403,Bruno Kaufmann,bruno.kaufmann@eniwa.ch,062 835 00 10,062 835 02 54
Jost Aarau AG,Elektro und Telekommunikation,Jost verbindet... Elektroanlagen Telematik Automation,"Neumattstrasse 6
5001 Aarau",3404,Roland Müller,info@jostaarau.ch,062 837 70 70,062 837 70 79
Keller & Co. Liegenschafts-Verwaltung,Immobilien,,"Zelglistrasse 39
5000 Aarau",3405, ,info@keller-partner.ch,062 822 79 24,
AXA Generalagentur Vorsorge & Vermögen Erwin Schmid,Versicherung,"Vorsorgeberatung für Privatpersonen, Finanz- und Pensionierungsplanungen, Pensionskassenberatung für Unternehmen.","Schlossplatz 1
Postfach 2219
5001 Aarau",3407,Erwin Schmid,erwin.schmid@axa.ch,+41 62 837 48 40,
Büro Köbeli GmbH,Büroeinrichtungen,Spezialisiert auf Büroeinrichtung und Planung,"Korbackerweg 19
5502 Hunzenschwil",3408,Mike Rothenbühler,mike@rothenbuehler.ch,062 825 01 30,062 825 01 35
Knecht Reisen AG,Reisen,,"Vordere Vorstadt 27
5000 Aarau",3409,Nadine Hauser,nhauser@knecht-reisen.ch,062/ 834 02 50,062/834 02 55
Senevita Gais Aarau,Gesundheit,,"Hintere Bahnhofstrasse 90
5000 Aarau",3410,Anouk Baumann,anouk.baumann@senevita.ch,062 387 00 00,062 387 00 10
Oel-Pool AG,Transporte,,"Spittelweg 1
5034 Suhr",3412,Daniel Sieber,d.sieber@oel-pool.com,062 836 85 00,062 836 85 23
Lämmli Architektur AG,Architektur,Architektur / Projektentwicklungen,"General Guisan-Strasse 2
5000 Aarau",3413,Dieter Lämmli,aarau@laemmli.ch,062 836 88 36,062 836 88 35
"Briner Barbara, Wohn- und Raumkonzept",Innenarchitektur,"Wohnen - Arbeiten - Leben / Professionelle Beratung, Planung und Umsetzung bei der Gestaltung Ihrer Räume","Mühlemattstrasse 91
5000 Aarau",3414,Barbara Briner,beratung@barbara-briner.ch,062 824 60 50,062 824 60 12
"Eichenberger AG, Bauingenieure und Planer",Baugewerbe,Bauingenieure und Planer,"Hauptstrasse 34 / Postfach
5037 Muhen",3415,Rolf Buchser,rolf.buchser@eichenberger-ing.ch,062 737 20 30,062 737 20 39
Lehnert AG,Gartenbau,"Wasser, Pflanzen und Gärten","Postfach 78
5022 Rombach",3416,Stefan Lehnert,info@gartenzentrum.ch,062/ 827 25 25,062/ 827 25 27
Minerva Schweiz AG,Schule,Berufsvorbereitung/Handelsschule VSH/Kaderschule/,"Industriestrasse 1 / Gais Center
5001 Aarau",3418,Philipp Tobler,aarau@minervaschulen.ch,062 / 836 92 92,062 / 836 92 90
Loss Astrid,Kosmetik,,"Rathausgasse 29
5000 Aarau",3419,Astrid M. Loss,am@loss.ch,062/ 822 52 17,
Kurt Lüscher AG,Elektro und Telekommunikation,Elektrotechnische Unternehmungen,"Postfach
5001 Aarau",3420,Elektrotechn. Unternehmungen,info@kla.ch,062/ 834 50 50,062/834 50 51
Lüthi & Schneiter AG,Architektur,ArchitektInnen BA FHNW,"Laurenzenvorstadt 25
5000 Aarau",3421,Isabelle Brechbühl,brechbuehl@luethischneiter.ch,062/ 823 23 63,
RDL GmbH,Baugewerbe,Wir arbeiten im Innenausbau im Bereich Systemtrennwände und Akustiklösungen an Decken und Wänden.,"Reiherweg 2
5034 Suhr",3422,Rita Rubicondo,rita.rubicondo@rdl-gmbh.ch,062 842 55 55,062 842 55 52
Fläschehals Martin Hartmann AG,Weine und Spirituosen,Weine und Getränke,"Laurenzenvorstadt 53
5000 Aarau",3423,Martin Hartmann,aarau@flaeschehals.ch,062 822 35 72,062 822 50 72
Maurer AG,Maler,"Baumalerei, Thermolackierwerk, Carrosserie","Bresteneggstrasse 1
5033 Buchs",3424,Tobias Maurer,tm@maurer-ag.ch,062/ 837 57 37,062/ 837 57 36
McDonalds Restaurant,Gastgewerbe,Restaurant,"Bahnhofstrasse 5-7
5000 Aarau",3425,Fredy Bruder,info@fredybruder.ch,062 824 18 18,062 824 18 19
Mode Moser AG,Mode - Bekleidung,Damenmode und Festmode,"Metzgergasse 4
5000 Aarau",3426,Alfred Moser,mode.moser@bluewin.ch,062/ 822 65 51,062/ 822 53 15
Rud. Bürgi + Partner GmbH,Ingenieurbüro,Engineering,"Bahnhofstrasse 86
5000 Aarau",3428,Patrick Rötheli,bahnstrom@buergi-bahnstrom.ch,062 837 90 30,062 825 05 25
Neue Aargauer Bank AG,Bank,Bank,"Bahnhofstrasse 49
5001 Aarau",3429,Hans Nauer,hans.nauer@nab.ch,062 838 82 60,062 838 87 00
Neue Apotheke Aarau,Apotheke,,"Vordere Vorstadt 11
5000 Aarau",3430,G. Vegezzi,,062 822 00 00,062 822 00 02
Immovendo,Immobilien,Immobilienvermittlung,"Zentralstrasse 52
5610 Wohlen",3432,Rudolf Hunziker,rudolf.hunziker@immovendo.ch,056 649 99 66,056 649 99 69
Oel-Brack AG,Treib- und Brennstoffe,,"Rupperswilerstrasse 3
5502 Hunzenschwil",3434,Thomas Brack,info@oelbrack.ch,062 889 10 30,062 889 10 49
Personal Sigma Aarau AG,Personal,Personalberatung - Stellenvermittlung,"Jurastrasse 6
5001 Aarau",3436,Urs Herzog,urs.herzog@ps-aarau.ch,062 824 66 24,062 822 46 17
Pfisterer Thomas Dr. iur. Fürsprecher LL.M.,Rechtsanwalt,,"Fröhlichstrasse 4
5000 Aarau",3437,Thomas Pfisterer,thomas.pfisterer@bluewin.ch,062/ 823 42 80,062/ 823 42 81
Foto Basler,Foto,Industrie und Werbeaufnahmen,"Bahnhofstrasse 18
5000 Aarau",3438,Beni Basler,info@fotobasler.ch,062/ 822 11 74,
Pneu Egger AG,"Pneus, Pneuservice",Ihr Spezialist für Reifen und diverses Zubehör,"Neumattstrasse 4 
5001 Aarau",3439,Christoph  Müller,gf-aarau@pneu-egger.ch,058 200 71 10,058 200 77 11
"Post CH AG, Poststellengebiet Aarau",Dienstleistungen,,"Bahnhofstrasse 67
5001 Aarau",3440,Peter Hediger,peter.hediger@post.ch,058 667 73 38,058 667 44 81
Priska Hochzeits- und Festtagsmode AG,Boutique,,"Rathausgasse 28
5000 Aarau",3441,Lianna Papoyan,info@priska-hochzeitsmode.ch,062 824 59 59,062 823 09 59
smARTec Veranstaltungstechnik,Veranstaltungstechnik,Vermietung von Multimedialer Veranstaltungstechnik,"Wässermattstrasse 7
5000 Aarau",3442,Marc Probst,marc.probst@smartec.com,062 888 19 19,
Kino Aarau AG,Kino,Kinos Aarau,"Kasinostrasse 13
5000 Aarau",3443,Rolf Portmann,r.portmann@kino-aarau.ch,062 832 11 11 / morgens 08:30 - 11:30,062 832 11 29
Restaurant Mürset,Gastgewerbe,,"Schachen 14/18
5000 Aarau",3444,Martin Klima,restaurant@muerset.ch,062/ 822 13 72,062/ 824 29 88
Baubedarf-Richner-Miauton,Baugewerbe,Bäder und Plättli,"BR Bauhandel AG
Pulverhausweg 1
5033 Buchs AG",3445,Patrick Häfeli,patrick.haefeli@crh-sd.ch,062 834 37 37,062 834 37 79
"Rothpletz, Lienhard + Cie. AG",Baugewerbe,,"Schiffländestrasse 35
5001 Aarau",3446, ,rlinfo@rothpletz.ch,062/ 836 91 11,062/ 836 91 10
Glockengiesserei H. Rüetschi AG,Diverse,Glockenguss. Kirchturmtechnik. Turmuhren. Zifferblätter. Kunstguss. Metallbau. Design. Restauration.Vergoldungsarbeiten,"Rain 44
5000 Aarau",3448,René Spielmann,info@guk.ch,062 824 43 43,062 824 08 55
Paul Ryser AG,Sanitär - Heizung,Planung / Ausführung von Haustechnikanlagen,"Florastrasse 16
5001 Aarau",3449,Peter Ryser,info@ryser.ch,062 836 10 40,
Salon drü GmbH ,Podologie,"Institut für Kosmetik, Podologie","Kasinostrasse 25
5000 Aarau",3450,Marion Soltermann,salon3@bluewin.ch,062/ 822 33 14,062/ 822 33 59
Implenia Schweiz AG,Baugewerbe,Profitcenter Aargau,"Modernisation & Development
Bahnhofstrasse 24
5000 Aarau",3451,Marco Pulver,marco.pulver@implenia.com,062 822 15 32,062 837 06 99
IN4OUT AG,Computer,Informatik Dienstleistungen,"Hintere Bahnhofstrasse 6
5000 Aarau",3452,Bruno Stöckli,bruno.stoeckli@in4out.ch,062 834 50 70,062 834 50 79
BOWLING-CENTER AARAU,Gastgewerbe,"Bowling, Billard, Barbetrieb und Unterhaltungsspiele","Rohrerstrasse 102
5000 Aarau",3453,Herren Willi und Marcel Fischer,bowlingaarau@bluewin.ch,062 823 58 33,056 823 58 34
Schenker Storen AG,Storen und Rollladen,,"Stauwehrstrasse 34
5012 Schönenwerd",3455,Urs Aeschbach,schenker.aarau@storen.ch,062 858 55 77,062 858 55 51
Schlüssel Informatik AG,Internet,,"Graben 10
5000 Aarau",3456,Daniel Kugler,info@schluesselinfo.ch,062 823 68 68,062 823 68 69
infowirt.ch gmbh,Dienstleistungen,"Keine Strasse ist lang, mit einem Freund an der Seite.","Herzogstrasse 4
5000 Aarau",3457,Roger Meier,roger.meier@infowirt.ch,062 832 70 75,
Schuh Wehrli,Schuhe,,"Graben 26
5000 Aarau",3458,Erika Barth-Wehrli,info@schuhwehrli.ch,062/ 822 27 32,062 823 27 67
Ortholine Aarau,Gesundheit,,"Ziegelrain 11
5000 Aarau",3459,Thomas Huber,info@ortholine.ch,062 822 19 33,062 822 19 91
Printpark GmbH,Digitaldruck & Werbetechnik,"Wir realisieren Beschriftungen und Werbung an Gebäuden, Fahrzeugen und Verkaufspunkten.","Mitteldorfstrasse 35
5033 Buchs",3460,Samuel Niederer,sn@printparkgmbh.ch,062 836 30 50,062 836 30 52
Brunner Zimmerei Holzbau GmbH,Holzbau,Für Qualität im Holzbau - von der Planung bis zur Ausführung. ,"Picardiestrasse 25
5040 Schöftland",3461,Daniel Brunner,holzbau@brunner-gmbh.ch,062 739 30 50,062 739 30 51
Credit Suisse (Schweiz) AG,Bank,Bankdienstleistungen,"Bahnhofstrasse 20
5001 Aarau",3462,Arlet Schmid,arlet.schmid@credit-suisse.com,062 836 33 16,062 836 32 01
Die Mobiliar Versicherungen & Vorsorge,Versicherung,mobi 24 - 24 Std. Zentrale,"Kasinostrasse 29
5001 Aarau",3463,Daniel Probst,daniel.probst@mobi.ch,062/ 837 75 75,062/ 837 75 76 
UBS AG,Bank,UBS AG,"Bahnhofstrasse 61
Postfach
5000 Aarau",3466,Stephan Kunz,stephan.kunz@ubs.com,062 835 90 48,062 835 92 60
Kähli AG,"Maler, Sandstrahler",Malerarbeiten aller art / Sandstrahlen mobil u. statonär,"Obermattweg 10
5032 Aarau Rohr",3468,Thomas Kähli,info@kaehli.ch,062 824 11 80,062 824 11 10
PricewaterhouseCoopers AG,Treuhand,Wirtschaftsprüfung und Steuerberatung,"Bleichemattstrasse 43
5000 Aarau",3469,Gerhard Siegrist,gerhard.siegrist@ch.pwc.com,058 792 61 00,058 792 61 10
pandanet.ch GmbH,Computer,IT- Dienstleistungen,"Stauwehrstrasse 40
5012 Schönenwerd",3470,Christophe Pantillon,info@pandanet.ch,062 832 08 00,062 832 08 01
"Zurich, Generalagentur Vincenzo Centolanza",Versicherung,"Versicherung, Vorsorge, Vermögen für Firmen und Private","Industriestrasse 14
Agentur Aarau / Oberentfelden
5036 Oberentfelden",3471,Vincenzo Centolanza,vincenzo.centolanza@zurich.ch,+41 62 836 52 52,+41 62 836 53 72
profex broker AG,Versicherung,http://www.profexbroker.ch,"Distelbergstrasse 22
5000 Aarau",3472,Christian Schuler,schuler@profexbroker.ch,062 769 02 00,062 769 02 01
ENGIE Services AG,Gebäudetechnik,,"Hinterdorfstrasse 21
5032 Aarau Rohr",3474,Tommy Claussen,tommy.claussen@ch.engie.com,062/ 837 15 01,062/ 837 16 71
Tele M1 AG,Medien,,"Neumattstrasse 1
5001 Aarau",3475,Daniele Lombardi,daniele.lombardi@azmedien.ch,058 200 46 46,
Thut Architekten AG,Architektur,Dipl. Architekten FH/STV,"Wässermattstrasse 12
5000 Aarau",3477,Markus Thut,mthut@thut-architekten.ch,062 835 60 80,
thv AG,Treuhand,"Buchhaltung, Steuern, Recht, Revision","Ziegelrain 29
5001 Aarau",3478,Rolf Kihm,rolf.kihm@thv.ch,062 837 17 17,062 837 17 77
Urech Optik AG,Optik,,"Vordere Vorstadt 18
5000 Aarau",3480,Dieter Urech,info@urech.ch,062/ 838 20 00,062/ 838 20 03
BDO AG,Treuhand,Treuhand- und Beratungsgesellschaft,"Entfelderstrasse 1
5001 Aarau",3482,Rudolf Vogt,rudolf.vogt@bdo.ch,062 / 834 91 91,062 / 834 91 04
Visus Service GmbH,Dienstleistungen,"Beratungen für Management, Marketing, Verwaltung","Postfach 4218
5001 Aarau",3483, ,info@visus.ch,062/ 836 20 80,062/ 836 20 81
PSS Stoltenberg,Getränke,Unterhaltsarbeiten in der Getränkeindustrie,"Schiffländestrasse 4
5000 Aarau",3484,Ralf Stoltenberg,ralf.stoltenberg@rpss.ch,079 235 24 57,
Vital AG,Diverse,"Vormischungen für Futtermittel, Tierarzneimittel","Industriestrasse 30
Postfach
5036 Oberentfelden",3485,Clemens Hochreuter,clemens.hochreuter@vital-ag.ch,062 737 50 40,062 737 50 30
Mittelland-Personal AG,Personal,Stellenvermittlung für die Industrie und das Industrie-nahe Gewerbe,"Igelweid 22
5001 Aarau",3487,Roger Marty,rmarty@mittelland-personal.ch,062 832 10 60,062 832 10 69
innov8 AG,Internet,"Grafik, Druck & Web Solutions","Delfterstrasse Süd 12
5000 Aarau",3492,Pascal Von Arb,info@innov8.ch,062 825 11 55,062 825 11 51
AXA Winterthur Generalagentur Marcello Pierri,Versicherung,Generalagentur Marcello Pierri,"Schlossplatz 1
5001 Aarau",3493,Marcello Pierri,marcello.pierri@axa-winterthur.ch,062 837 48 48,062 837 48 80
Knaus Treuhand AG,Treuhand,"Treuhand-Dienstleistungen, Mitglied Treuhand│Suisse","Aarepark 6
5000 Aarau",3495,Simon P. Knaus,news@knaus.ch,062 822 97 22,062 822 36 89
Zahner Platten AG,"Bodenbeläge, Teppiche, Parkett",Wand- und Bodenplatten,"Hauptstrasse 98b
5032 Aarau Rohr",3497,Armin Zahner,info@zahnerag.ch,062 832 42 52,062 832 42 51
ZILTENER AG,Metallbau,,"Wässermattstrasse 2
5000 Aarau",3498,Jürg Amsler,info@ziltenermetall.ch,062 836 44 88,062/ 836 44 80 
Zimmermann Gartenbau AG,Gartenbau,,"Hebelweg 6
5000 Aarau",3499,Reto Zimmermann,info@zimmermann-gartenbau.ch,062 822 01 85,062 842 03 59
Zubler Partner Architekten,Architektur,Planung und Ausführung von Hochbauten,"Hohlgasse 58
5000 Aarau",3500,Werner Zubler,info@zubler-schaffer.ch,062 822 10 32,062 822 52 27
Zubler AG,Baugewerbe,"Bauunternehmung, Zimmerei, Fensterfabrik","Gönhardweg 28
5001 Aarau",3501,Urs Zubler,u.zubler@zublerag.ch,062/ 822 77 22,062/ 836 94 79
ISI PRINT AG,Druck,ISI Print ist Ihr regio­naler Partner in Aarau für mass­geschnei­derte Lösungen,"Tellistrasse 114
5000 Aarau",3503,Isa Aeberhard,i.aeberhard@isi-print.ch,062 849 10 00,062 849 10 01
Avanti Bau GmbH,Baugewerbe,Abdichtung / Bautenschutz,"Pestalozzistrasse 49
5001 Aarau",3504,Nik Seiler,info@avantibau.ch,062 823 67 70,062 823 67 74
Raiffeisenbank Aarau-Lenzburg,Bank,,"Kasinostrasse 37
5000 Aarau",3505,Marcel Füchslin,marcel.fuechslin@raiffeisen.ch,062 888 83 83,
CS-Computing GmbH,Computer,Informatikdienstleistungen,"Hauptstrasse 73
5032 Aarau Rohr",3506,Fabian Wildi,info@cs-computing.ch,062 824 91 30,062 823 31 28
A-Zulauf Musikinstrumente GmbH,Musik,Musikgeschäft &amp; Musikschule,"Zentrum Brauerei, Mitteldorfstrasse 37
5033 Buchs",3507,Rainer Zulauf,rainer@a-zulauf.ch,062 823 01 21,062 823 01 71
Rechtsanwalt Dr. Beat Ries,Advokatur- und Notariatsbüro,Rechtsanwalt,"Bleichemattstrasse 43
5001 Aarau",3508,Dr. Beat Ries,ries@siegrist-ries.ch,062 866 16 16,062 866 16 18
kaz. Kaufmännisches Ausbildungszentrum Aarau,Schule,"Handelsschule, Neuorientierung, Kaderschule","Kasinostrasse 19
5000 Aarau",3511,Franz Bohnenblust,bohnenblust.franz@kazaarau.ch,062 824 99 00,
Valiant Bank AG,Bank,"Valiant - Nähe, die Sie weiter bringt.","Laurenzenvorstadt 1
5001 Aarau",3512,Peter Schär,peter.schaer@valiant.ch,062 837 80 74,062 837 80 45
Bouygues E&S In Tec Schweiz AG,Elektro und Telekommunikation,Wir verstehen Gebäude!,"Postfach 2228
5001 Aarau",3514,Matthias Studer,matthias.studer@bouygues-es.com,062 288 12 88,062 288 12 89
Zinniker Rudolf Fürsprecher und Notar,Advokatur- und Notariatsbüro,Advokatur &amp; Notariat,"Frey-Herosé-Strasse 20
5001 Aarau",3515,Rudolf Zinniker,zinniker@advonot.ch,062 823 84 00,062 824 74 47
BCO Treuhand + Vorsorge AG,Finanzplanung,Treuhand und Vorsorge,"Rain 41
5001 Aarau",3516,Daniel Scherzinger,d.scherzinger@bco.ch,062 836 88 20,062 836 88 21
Immotelli,Immobilien,Liegenschaftsverwaltung,"Tellistrasse 116
5000 Aarau",3518,Georg Kunath,georg.kunath@bluewin.ch,062 822 19 88,062 824 45 89
Jaisli-Beck AG,Bäckerei - Konditorei - Confiserie,,"Oberdorfstrasse 9
5033 Buchs",3520,Beat Jaisli,mail@jaisli-beck.ch,062 836 10 31,062 836 10 39
Restaurant Rathausgarten Gastro GmbH,Gastgewerbe,,"Obere Vorstadt 36
5000 Aarau",3523,Andreas Steineder,asteineder@rathausgarten.ch,062 824 15 34,062 824 29 07
AWB Beratungen AG,Immobilien,Immobilienverwaltung und -beratung,"Bahnhofstrasse 10
5001 Aarau",3524,Monika Frei,mfrei@awb.ch,062 832 77 40,
Scherer Treuhand AG,Treuhand,,"Kasinostrasse 19
5000 Aarau",3525,Stefan Scherer,info@scherer-treuhand-ag.ch,062 832 52 00,062 832 52 09
"Spaghetti-Factory ""Salmen"" Spago SA",Gastgewerbe,,"Metzgergasse 8
5000 Aarau",3526,Marcel Meyer,,062 822 23 12,062 822 23 78
Hirslanden Klinik Aarau,Gesundheit,Das private Gesundheitszentrum im Mittelland,"Schänisweg
5001 Aarau",3527,Adrian von Känel,adrian.vonkaenel@hirslanden.ch,062 836 75 40,062 836 75 71
H2G Internetagentur,Internet,Beratung und Umsetzungen im Bereich Internetlösungen,"Halden 36
5000 Aarau",3528,Roland Etter,roland.etter@h2g.ch,062 823 33 30,
Schärer Daniel Verbandsdienstleistungen,Unternehmensberatung,,"Bahnhofstrasse 86
5001 Aarau",3531,Daniel Schärer,office@danielschaerer.ch,062 962 56 55,062 823 37 84
Hunziker Martina,Rechtsanwalt,,"Hintere Bahnhofstrasse 6
5001 Aarau",3532,Martina Hunziker lic. iur.,martina.hunziker@5001.ch,062 837 50 00,062 837 50 01
Randstad (Schweiz) AG,Personal,Personaldienstleister Technik/Industrie,"Igelweid 3
5001 Aarau",3533,Markus Schärer,markus.schaerer@ch.randstad.com,058 201 40 00,058 201 40 01
Bolliger Schmuck und Uhren,Bijouterie - Uhren,,"Rathausgasse 23
5000 Aarau",3534,Lisa und Christian Bolliger,info@bolliger-schmuck.ch,062 823 33 90,062 823 33 92
H & T Raumdesign AG,Baugewerbe,"Innenausbau, Einbruchschutz, Haustüren, Schiebewände, Harmonikatüren","Rohrerstrasse 20
5000 Aarau",3535,Thomas Zulauf,t.zulauf@hta.ch,062 835 70 30,062 835 70 01
Garage Zimmerli Aarau AG,Automobile,Autogarage,"Hauptstrasse 1
5032 Aarau Rohr",3538,Giuseppe Longa,longa@garage-zimmerli.ch,062 837 97 50,062 837 97 60
MCS Meier,Automobile,Carrosserie und Lackierwerk,"Buchserstrasse 53
5000 Aarau",3539,Marcel Meier,mcs-meier@sunrise.ch,062 842 41 41,062 842 16 16
Die Mobiliar Versicherungen & Vorsorge,Versicherung,Versicherungen & Vorsorge,"Kasinostrasse 29
5001 Aarau",3541,Thomas Valli,thomas.valli@mobi.ch,062 837 75 27,062 837 75 76 
Robert Hauri GmbH,Transporte,Hauswartungen und Transporte,"Troxlerweg 4
5000 Aarau",3542,Robert Hauri,kontakt@robert-hauri-gmbh.ch,079 606 68 92,
Hochuli + Co Liegenschaftsverwaltung,Immobilien,,"Pfrundweg 1
5000 Aarau",3543,Heinrich Hochuli,h.hochuli@hochuliaarau.ch,,
CSD Ingenieure AG,Ingenieurbüro,"Ingenieurbüro für Umwelt, Geolgie, Bau, Energie und Wasser","Schachenallee 29A
5000 Aarau",3544,Bernhard Müller,aarau@csd.ch,062 834 44 00,062 834 44 01
Dörig & Partner AG,Finanzplanung,Greifbare Lösungen für Ihre sichere Zukunft.,"Herzogstrasse 12
5001 Aarau",3545,Mario Serratore,serratore@doerig-partner.ch,062 836 90 20,062 836 90 21
Modellbahn-Center Eurobahn,"Geschenke, Basteln, Spielwaren",Modellbahn-Center,"Hauptstrasse 14
5032 Aarau Rohr",3547,Judith Stofner,info@eurobahn.ch,062 822 10 20,
Felix Steiner AG,Baugewerbe,"Schreinerei, Küchen , Innenausbau, Massmöbel","Künzlimattstrasse 1
5032 Aarau Rohr",3548,Stephan Gautschi,info@fsteinerag.ch,062 824 10 44,062 822 29 83
Biofischzucht Nadler AG,Lebensmittel,Produktion von Bio-Forellen/-Saiblingen,"Bibersteinerstrasse 6
5032 Aarau Rohr",3549,August Nadler,info@biofischzucht.ch,062 822 33 70,062 822 31 71
EBERHARD & Partner AG,Ingenieurbüro,"Fachberater in Geologie, Geothermie, Energie, Altlasten, Geotechnik","General Guisan-Strasse 2
5000 Aarau",3550,Mark Eberhard,service@eberhard-partner.ch,062 834 40 60,062 834 40 61
Hochhaus AG,Immobilien,,"Hauptstrasse 14
5032 Aarau Rohr",3551,Judith Stofner,info@eurobahn.ch,062 822 42 60,062 823 42 70
Husistein AG,Immobilien,Immobilien,"Hauptstrasse 73
Immobilien
5032 Aarau Rohr",3552,Marcel Husistein,marcel@husistein-immo.ch,062 822 32 32,
ERNE AG Bauunternehmung,Baugewerbe,"Hochbau, Tiefbau, Werterhaltung, Bauservice, Umbau, Sanierung, Totalunternehmen, Generalunternehmen","Baslerstrasse 5
5080 Laufenburg",3553,René Bosshard,info@erne.ch,062 869 43 00,062 869 43 50
Hypothekarbank Lenzburg AG,Bank,Leiter Region Aarau,"Postweg 1
5034 Suhr",3554,Fabrizio A. Castagna,fabrizio.castagna@hbl.ch,062 885 17 00,
Kosmetikstudio,Kosmetik,Kosmetikstudio,"Römerstrasse 14
5032 Aarau Rohr",3555,Regina Jäggi,rrjaeggi@bluewin.ch,062 822 27 10,062 822 31 65
Le Coiffeur Daniela,Coiffure,Coiffeursalon,"Hauptstrasse 7
5032 Aarau Rohr",3556,Daniela Meier,Coiffeur_daniela@sunrise.ch,062 822 57 55,
Maurer Motos AG,Velos - Motos,,"Gartenstrasse 21
5032 Aarau Rohr",3558,René Maurer,info@maurermotos.ch,062 823 94 74,062 823 94 73
Maurer Treuhand AG,Treuhand,,"Hauptstrasse 73
5032 Aarau Rohr",3559,Martin Hegg,info@treuhand-maurer.ch,062 824 03 55,062 824 03 56
Mercedes-Benz Automobil AG,Automobile,Nutzfahrzeuge,"Zweigniederlassung Rohr
Hauptstrasse 104
5032 Aarau Rohr",3560,Felix Leemann,felix.leemann@merbag.ch,062 834 86 86,062 834 86 34
Metzgerei Speck GmbH,Metzgerei,Metzgerei,"Hauptstrasse 42
5032 Aarau Rohr",3561,Peter Speck,peter@speck-metzgerei.ch,062 824 47 59,062 824 47 49
Naegeli Maschinencenter AG,Eisenwarenhandel,Elektrowerkzeuge+Motorgeräte,"Hauptstrasse 106
5032 Aarau Rohr",3563,Robert Joho-Naegeli,info@naegelimaschinen.ch,062 824 24 44,062 822 88 80
inter-punkt. ag,Werbung,Web- und Werbeagentur,"Metzgergasse 6B
5034 Suhr",3565,Fabian Koch,fk@inter-punkt.ch,062 531 32 32,
Triflex Treuhand AG,Treuhand,Treuhandbüro,"Hauptstrasse 60
5032 Aarau Rohr",3566,Christoph Fleck,fleck@triflex.ch,062 834 09 25,062 834 09 26
Schmid Velosport AG,Velos - Motos,Velohandlung,"Hauptstrasse 58
5032 Aarau Rohr",3567,Philipp Schmid,info@schmid-velosport.ch,062 824 34 13,062 824 34 03
Vorburger Kurt AG,Sanitär - Heizung,"Heizung, Sanitär","Hauptstrasse 15a
5032 Aarau Rohr",3568,Susanne Vorburger,susanne.vorburger@vorburgerag.ch,062 834 33 33,062 834 33 34
MFH Consulting GmbH,Unternehmensberatung,FREIGERÄUMT arbeiten - führen - handeln,"Imhofstrasse 4
5000 Aarau",3569,Franziska Hunziker,fhunziker@freigeraeumt.ch,062  823 53 01,
W + S AG,Elektro,Elektroinstallationen,"Lindenweg 4
5032 Aarau Rohr",3570,Ruedi Goldenberger,elektro@ws-ag.ch,062 834 60 60,062 834 60 79
"Zimmermann AG, Lösungen für Immobilien",Immobilien,"Projektentwicklungen für Private, Investoren und Behörden","Laurenzenvorstadt 25
5000 Aarau",3571,Walter Zimmermann,walter.zimmermann@zimmermann-ag.ch,062 832 60 90,
Groupe Mutuel,Versicherung,"Personenversicherer (Krankenversicherung, Krankenzusatzversicherung, Taggeld, UVG, BVG und Leben).","Buchserstrasse 12
5000 Aarau",3572,Beat Reichlin,breichlin@groupemutuel.ch,,058/ 758 66 09
Aarauer Nachrichten,Medien,"Verlagshaus Zehnder Wil - Herausgabe Aarauer Nachrichten, Aargauer Rundschau, Nachrichten fürs Limmattal","Delfterstrasse Süd 10
5004 Aarau",3574,Urs Billerbeck,urs.billerbeck@aarauer-nachrichten.ch,+41 62 838 09 10,+41 62 838 09 12
Migros Bank AG,Bank,Migros Bank - es geht auch anders,"Bahnhofplatz 4
5001 Aarau",3575,Edmund Mayer,edmund.mayer@migrosbank.ch,0848 845 400,062 832 26 11
Residenz Cartau,Gesundheit,privates Pflege- und Altersheim,"Im Aarepark 3B
5000 Aarau",3576,Fritz Schmid,residenzcartau@bluewin.ch,079 787 50 19,
bilanz & erfolg ag,Treuhand,Rechnungswesen und Immobilientreuhand,"Laurenzenvorstadt 57
5000 Aarau",3577,Boris Kathe,info@bilanzunderfolg.ch,062 823 50 50,062 823 50 55
BIKU Languages AG,Aus- und Weiterbildung,"Vermittlung von Business-, Allgemein- und Examen-Sprachkursen an führenden Sprachschulen im Sprachgebiet","Vordere Vorstadt 8
5001 Aarau",3579,Nicole Werder,info@biku.ch,062 822 86 86,062 822 60 60
Andi Schumacher Gartenbau GmbH,Gartenbau,Ein junges inovatives Gartenbau Unternehmen,"Hauptstrasse 57
5032 Aarau Rohr",3580,Andi Schumacher,info@andi-schumacher-gartenbau.ch,062 824 00 66,062 823 02 88
Anwaltspraxis Hochstrasser,Rechtsanwalt,Spezialisierte Anwaltskanzlei für Versicherungsrecht und Haftplichtrecht,"Rain 41
5000 Aarau",3583,lic. iur. Urs Hochstrasser,praxis@hochstrasser-recht.ch,062 836 88 18,062 836 88 21
NEUE IMMO AG,Immobilien,Immobilien-Treuhand / Schätzen / Verwalten / Verkauf,"Ziegelrain 11
5000 Aarau",3584,Ueli Kehl,info@neueimmo.ch,062 832 77 00,062 832 77 09
TM Concept AG,Dienstleistungen,Generalplanungen von Kommunikationsinfrastrukturen,"Delfterstrasse 12
5000 Aarau",3585,Thomas Gerber,thomas.gerber@tmconcept.ch,062 836 42 42,
INSURA Consulting Urech & Partner AG,Versicherung,Versicherungsbroker und Vorsorgeberatung für Firmenkunden,"Kasinostrasse 15
5001 Aarau",3586, ,,062 836 88 66,062 836 88 68
Siegrist Dr. Markus,Advokatur- und Notariatsbüro,"Bau-, Planungs- , Enteignungs- und Immobilienrecht","Bleichemattstrasse 43
5001 Aarau",3587,Dr. Markus Siegrist,siegrist.advonot@bluewin.ch,062 866 16 16,062 816 16 18
TEMPORIS PERSONAL AG,Personal,Personaldienstleitungen - Stellenvermittlung,"Igelweid 5
5001 Aarau",3590,Roger Jungwirth,r.jungwirth@temporispersonal.ch,062 832 94 94,062 832 94 95
Schwaller Flury Dübendorfer Rechtsanwälte und Notare,Advokatur- und Notariatsbüro,Forensische und beratende Dienstleistungen in den Bereichen Advokatur und Notariat,"Laurenzenvorstadt 11
5001 Aarau",3591,Marc Dübendorfer,duebendorfer@sfd-law.ch,062 822 77 72,062 822 77 71
Vitalyse Aarau,Gesundheit,"Praxis für Ernährung, Gewichtsreduktion und Gesundheit","Bahnhofstrasse 3
5000 Aarau",3592,Corina Cerutti,ccerutti@vitalyse-aarau.ch,062 823 84 41,062 823 84 42
Druckerei AG Suhr,Druck,"Visuelle Kommunikation - Ihr Partner im Grossraum Aarau für Gestaltung, Druck, Weiterverarbeitung und Lettershop!","Postweg 2
5034 Suhr",3593,Reinhard Niederer,reinhard.niederer@drucksuhr.ch,062 855 08 55,062 855 08 59
SWICA Gesundheitsorganisation,Versicherung,Kranken- und Unfallversicherung,"Bahnhofstrasse 4
5001 Aarau",3594,Alessandro Zezza,alessandro.zezza@swica.ch,062 834 63 30,062 834 63 31
Baumpflege Kauffungen GmbH,Baumpflege,"Beratung, Pflanzung, Schnitt, Fällung, Baumschutz auf Baustellen, alle Dienstleistungen rund um den Baum.","Hauptstrasse 37e
5032 Aarau Rohr",3597,Lukas Kauffungen,info@baumpflege-kauffungen.ch,062 822 11 77,
Eglin Elektro AG Aarau,Elektro und Telekommunikation,Elektro und Telekommunikations-Installationen ini Neu- und Umbauten wie auch Industrie,"Neumattstrasse 2
5000 Aarau",3598,Marc Stammbach,marc.stammbach@eglin.ch,062 200 20 20,
safehands GmbH,Projektleitung / Management auf Zeit,Flexible und  professionelle Managementkompetenzen als Entlastung für Sie und Ihr Team,"Hungerbergstrasse 35
5000 Aarau",3599,Véronique Persson,vpersson@safehands.ch,079 843 38 15,
axelion AG,EDV,It works.,"Neumattstrasse 2
5000 Aarau",3600,Roland Deflorin,roland.deflorin@axelion.ch,+41 62 200 65 00,
Wehrli Weinbau AG,Weine und Spirituosen,Die Weinfamilie aus dem Aargau,"Oberdorfstrasse 8
5024 Küttigen",3602,Rolf Wehrli,info@wehrli-weinbau.ch,062 827 22 75,062 827 00 17
KBT Treuhand AG Aargau,Treuhand,Neue Niederlassung der KBT Holding,"Bachmattweg 18
5000 Aarau",3603,Sonja Hadorn,s.hadorn@kbt.ch,062 746 22 30,062 746 22 31
Rohrputz-Loriol AG Kanalservice,Kanalservice,"Rohrputz-Loriol reinigt, spült, saugt, entstopft im Haus und rund ums Haus","Industriestrasse 48
4657 Dulliken",3604,Heinz Sommer,h.sommer@rohrputz-loriol.ch,+41 62 216 43 77,+41 62 216 05 29
CONCORDIA,Versicherung,"CONCORDIA, Dir vertraue ich","Buchserstrasse 12
5001 Aarau",3605,Emanuele Guarino,aarau@concordia.ch,062 838 20 31,062 838 20 39
wisol technologie GmbH,Maschinensteuerungen,Entwicklung und Wartung von Steuerungen im industriellen Umfeld,"Industriestrasse 10
5036 Oberentfelden",3606,Urs Wegmann,info@wisol.ch,+41 79 600 61 14,
Laufwerk GmbH,Gesundheit,Fachgeschäft für technische Orthopädie und Gesundheit.,"Siebenmatten 1b
5032 Aarau Rohr",3607,Thomas Kapschak,info@laufwerk-aarau.ch,0628233135,0628233136
CAP-Kommunikation,Coaching Persönlichkeitsentwicklung,Inhouse-Mentalseminare / Hypnosecoaching / Mentalcoaching / Tiefenkommunikation,"Rain 26
5000 Aarau",3608,Antonio Capuzzi,info@cap-kommunikation.ch,+41 (0)79 332 81 84,
WEBSAMURAI AG,Internet,Die WEBSAMURAI AG ist eine junge und innovative Webagentur mit Sitz in Aarau,"Schachenallee 29
5000 Aarau",3610,Remo Vendramini,remo.vendramini@websamurai.ch,062 511 91 11,
Engel & Völkers,Immobilien,Immobilienberatung und Vermarktung,"Kronengasse 2
5000 Aarau",3611,Daniel Kantim,aarau@engelvoelkers.com,+41 62 825 27 90,
Fuchsgroup Consulting AG,EDV,"Die Fuchsgroup Consulting AG ist ein Dienstleistungsunternehmen für Beratung, Konzeption und Schulung rund um ihre Geschäftsprozesse.","Bahnhofstrasse 67
5000 Aarau",3618,Carlo Pirola,pirola@fuchsgroup.ch,062 897 52 77,
aarau info,Standortmarketing Tourismus,Tourismusbüro,"Metzgergasse 2
5000 Aarau",3619,Danièle Turkier,daniele.turkier@aarauinfo.ch,062 834 10 34,062 834 10 35
GRIBI Bewirtschaftung AG,Immobilien,Verkauf/Erstvermietung/Bewirtschaftung/Baumanagement,"Buchserstrasse 3
5000 Aarau",3620,Karola Marder,karola.marder@gribi.com,062 832 60 70,062 832 60 71
Stephan Kohler Managementberatung,Unternehmensberatung,,"Philosophenweg 42 A
5000 Aarau",3630,Stephan Kohler,info@kohlerberatung.ch,+41 79 310 23 75,
Apleona Real Estate AG,Immobilien,,"Rain 53
Postfach
5001 Aarau",3631,Nicole Klöti,nicole.kloeti@apleona.com,062 837 76 76,063 837 76 77
Livesystems AG,Medien,passengertv,"Rüttistrasse 26
8952 Schlieren",3632,Mario Ferraris,mario.ferraris@livesystems.ch,062 888 08 12,031 810 00 19
Kairos BCT,Coaching Persönlichkeitsentwicklung,,"Metzgergasse 8
5000 Aarau",3633,Danièle Zatti Kuhn,d.zatti@bluewin.ch,062 822 04 04,
"Thomas Käser, Rechtsanwalt und Notar",Advokatur- und Notariatsbüro,Umfassende Dienstleistungen und massgeschneiderte Lösungen in den Bereichen Advokatur und Notariat.,"Zelglistrasse 15
Postfach
5001 Aarau",3635,Thomas Käser,kaeser@advoaarau.ch,062 834 90 00,062 834 90 09
Reaktor AG,Kommunikation,,"Laurenzenvorstadt 25
5000 Aarau",3636,Nadine Huggel,n.huggel@reaktor.ch,062 823 50 08,
Prädikat GmbH,Kommunikation,Lead-Agentur,"Laurenzentorgasse 16
Die Agentur für nachhaltige Kommunikation.
5000 Aarau",3637,Till Hillmann,mail@praedikat.ch,062 823 32 32,
"Swiss Life, Generalagentur Aarau, Markus Rosenberg",Versicherung,Versicherungsgesellschaft,"Hintere Bahnhofstrasse 85
Versicherungsgesellschaft
5000 Aarau",3639,Markus Rosenberg,,062 838 28 85,062 838 28 80
REIST PARTNER AG,Treuhand,,"Schiffländestrasse 27 A
5000 Aarau",3640,Marcos Santana,marcos.santana@reist-partner.ch,062 824 03 30,
flexMedics AG,Personal,Personal im Gesundheitswesen,"Bahnhofstrasse 17
5000 Aarau",3643,Debora Wetter,d.wetter@flexmedics.ch,062 824 91 91,062 824 91 92
EntwicklungsART GmbH,Unternehmensberatung,Beratung von Firmen in unterschiedlichen Branchen und Grössen,"Mühlemattstrasse 42
5000 Aarau",3644,Jacqueline Totzke Christoffel,j.totzke@entwicklungsart.swiss,+41 62 842 91 51,+41 62 842 91 54
Restaurant Beluga AG,Gastgewerbe,,"Vordere Vorstadt 17
5000 Aarau",3648,Urs Lukas Marrer,info@beluga-aarau.ch,062/822 52 22,062/822 27 77
acustix - Das Leben hören.,Gesundheit,Der Hörgeräteakustiker mit der persönlichen Beratung,"Bibersteinerstrasse 4
Postfach 34
5022 Rombach",3649,Dan Leonhardt,dleonhardt@acustix.ch,+41 62 827 30 50,+41 62 827 30 51
Helvetia Versicherungen Generalagentur Aarau,Versicherung,,"Mitteldorfstrasse 37
Roger Seiger
5033 Buchs",3650,Roger Seiger,roger.seiger@helvetia.ch,079 689 18 49,
Witzig The Office Company AG,Büroeinrichtungen,,"Rohrerstrasse 78
5000 Aarau",3651,Urs Clerici,urs.clerici@witzig.ch,062 822 18 17,
hilfiker & partner ag,Versicherung,,"Zollrain 14
5001 Aarau",3652,Thomas Hilfiker,thomas.hilfiker@hilfiker-partner.ch,062 823 47 47,
Gastroenterologie Aarau AG,Gesundheit,,"Buchserstrasse 18
Dr. med. Florian Riniker
5000 Aarau",3653,Florian Riniker,florian.riniker@hin.ch,062 824 90 90,062 824 90 91
Aconum GmbH,Unternehmensberatung,,"Siebenmatten 24
5032 Aarau Rohr",3654,Markus Grütter,markus.gruetter@aconum.ch,062 823 20 20,
ImUmReinigung Susanne Kaufmann,Dienstleistungen,"Reinigung für Gewerbe und Privat, Hauswartung, Bügelservice, Haushaltcoaching,","Siebenmatten 69
5032 Aarau Rohr",3656,Susanne Kaufmann,ss.kaufmann@hispeed.ch,078 710 28 60,
KMU Personal AG Aarau,Personal,,"Bahnhofstrasse 33
5001 Aarau",3659,Massimo Bella,massimo.bella@kmupersonal.ch,062 834 30 30,062 834 30 31
Dorfgarage Daniel Imfeld AG,Automobile,Die Garage Ihres Vertrauens!,"Gösgerstrasse 29
5015 Erlinsbach",3660,Daniel Imfeld,info@dorf-garage.ch,062 844 48 20,062 844 48 23
ACW AG Aarauer Carrosserie Werke,Automobile,,"Wässermattstrasse 12
5004 Aarau",3661,Felix Wyss,info@acw-ag.ch,079 286 37 77,
mobile it solutions gmbh,Computer,Informatik und EDV- Dienstleistungen,"Rohrerstrasse 102
5000 Aarau",3663,Urs Wegmüller,u.wegmueller@mobile-it-solutions.ch,+41 62 824 35 35,
Otto M. Meier,Versicherung,Versicherungs- und Vorsorgelösungen,"Steingasse 9
Versicherungs- und Vorsorgelösungen
5102 Rupperswil",3664,Otto M. Meier,ottella.om@bluewin.ch,079 420 62 32,
second opinion gmbh,Kommunikation,Marketing & Kommunikation,"Hallwylstrasse 12
c/o Peter E. Renggli
5000 Aarau",3665,Peter E. Renggli,peter.renggli@2-opinion.ch,062 823 87 31,062 823 87 34
Jürg Willi & Partner AG,,,"Laurenzenvorstadt 21
5000 Aarau",3666,Jürg Willi,juerg.willi@willipartner.ch,,
Immobilia 4 AG,Immobilien,"Verkauf, Schätzung und Beratung für Immobilien","Zwischen den Toren 4
5000 Aarau",3667,Roland Egger,egger@immobilia4.ch,062 836 47 57,
wirkungs-Stark,Kommunikation,Grafik & Konzept,"Schachenallee 29
5000 Aarau",3670,Michelle Stark,mail@wirkungsstark.ch,062 511 28 18,
Hotel Kettenbrücke AG,Gastgewerbe,Hotellerie,"Zollrain 16
5000 Aarau",3671,Vera Schäfer,home@hotelkettenbruecke.ch,062 838 18 18,062 838 18 19
Gasser Consulting AG,Beratungsstelle,"Scheidung, Trennung, Arbeit, Erbschaft und aussergerichtliche Streitschlichtung, Mediation","Kelleräckerstr. 14
Zweitbüro
8967 Widen",3672,Beatrice Gasser,beatricegasser@bluewin.ch,044 881 24 44,
Previon Plus AG,Internet,"Previon ist eine Agentur, die Kreativität, Technologie und Daten vereint.","Aeschbachweg 12
5000 Aarau",3673,Roger Wernli,info@previon.ch,+41 58 680 28 28,
"Lotus Reinigung, Alan Arkula",,Gebäudereinigung & Hauswartung,"Effingerweg 10
5000 Aarau",3677,Alan Arkula,alan.arkula@lotusreinigung.ch,062 824 02 02,062 824 02 22
Michael Schibli,Treuhand,Treuhand / Immobilien,"Hombergstrasse 2
5000 Aarau",3678,Michael Schibli,m.schibli@schibli-treuhand.ch,079 754 33 04,
Welte Treuhand AG,Treuhand,,"Schiffländestrasse 27A
Postfach 4323
5001 Aarau",3679,Daniel Arnold,d.arnold@welteag.ch,062 827 31 41,062 827 33 34
small Foot AG - Die Kinderkrippe,Dienstleistungen,,"Schachenallee 31
5000 Aarau",3680,Fabian Haindl,traegerschaft@small-foot.ch,041 210 21 20,
MANPOWER,Personal,,"Kasinostrasse 25
5000 Aarau",3681,Peter Woodtli,peter.woodtli@manpower.ch,0583073344,0583073349
Nova Tours AG,Reisen,,"Kirchgasse 1
5000 Aarau",3682,Marco Russo,marco.russo@novatours.ch,062 823 33 23,
Bolliger Neukom Treuhand,Immobilien,,"Weltistrasse 9
Postfach 2417
5001 Aarau",3683,Urs Bolliger,bolliger@bntreuhand.ch,+41 62 823 39 39,
ESL – Sprachaufenthalte,Reisen,Kurse für mehr als 20 Fremdsprachen in über 250 Destinationen,"Igelweid 22
5000 Aarau",3685, ,aarau@esl.ch,062 823 88 12,062 823 88 08
MAMO Verkehrsdienst GmbH,Sicherheitsdienst,Verkehrsdienst - Kontrolle ruhender Verkehr - Schwertransportbegleitung,"Neumattstrasse 29
Postfach
5001 Aarau",3686,Marco Moriggl,kontakt@mamo-verkehrsdienst.ch,062 824 99 88,062 824 99 89
Fasler Treuhand und Revisionen GmbH,Treuhand,,"Bleichemattstrasse 11
5000 Aarau",3687,Walter Fasler,info@faslertreuhand.ch,062 824 00 45,
PMI.AG,,Informatik und Kommunikationstechnologie,"Bleichemattstrasse 2
5000 Aarau",3689,Steven Marti,steven.marti@pmi.ag,062 832 60 32,062 832 60 33
buntBund Floristik GmbH,Blumen,,"Rain 15
5000 Aarau",3690,Bea Bofinger,bea.bofinger@buntbund.ch,062 849 94 94,
Andreas Marti & Partner Architekten AG,Architektur,,"Rathausgasse 29
5000 Aarau",3691,Andreas Marti,a.marti@andreas-marti.ch,062/ 822 21 55,062/ 822 21 62
Psychologische Laufbahnberatung Aarau,Beratungsstelle,"Berufs- und Laufbahnberatung für alle Altersgruppen, Bewerbungscoaching","Laurenzenvorstadt 89
5000 Aarau",3692,Monika Heeb,heeb@laufbahn-coaching.ch,062 824 92 34,
Rechtsanwälte und Notariat leiser.meyer.müller,Advokatur- und Notariatsbüro,,"Rathausgasse 9
Advokatur und Notariat
5000 Aarau",3693,Martin Leiser,info@leiser-meyer-mueller.ch,062 824 10 23,062 822 65 88
90 Grad Café Bar,Gastgewerbe,,"Bahnhofstrasse 35
5000 Aarau",3694,MICHEL GAYRET,MICHEL.GAYRET@90GRADBAR.CH,062 823 90 09,
planerkiste architekturplanungen,Architektur,,"Müliweg 3
5033 Buchs",3695,Jan Kempf,kempf@planerkiste.ch,062 824 47 47,-
Licht & Wohnen - Daniel Kuhn,Innenarchitektur,Lichtlösungen aus einer Hand,"Tramstrasse 59
Lichtberatung - Planung - Realisation
5034 Suhr",3696,Daniel Kuhn,info@licht-wohnen.ch,062 842 85 86,
Wilhelm + Wahlen Bauingenieure AG,Ingenieurbüro,"Bauingenieurbüro mit Niederlassungen in Aarau und Zofingen für Hoch-, Tief- und Brückenbau, Erdbebeningenieurwesen und Bauwerkserhaltung","Kasinostrasse 15
5000 Aarau",3697,Hans Wahlen,hans.wahlen@ww-aarau.ch,062 837 10 10,062 837 10 18
RE/MAX,Immobilien,,"Bahnhofplatz 7
5400 Baden",3698,Michael Unold,michael.unold@remax.ch,056 200 90 00,
SCHIBLI & PARTNER Advokatur und Notariat AG,Rechtsanwalt,"Wir beraten Sie in allen Bereichen des Rechts, wenn nötig mit Unterstützung unseres Notars und unserer Treuhänder!","Bahnhofstrasse 57
Postfach
5001 Aarau 1",3699,Hans Schibli,hans.r.schibli@schibli-partner.ch,062 832 44 55,062 832 44 59
ISG Personalmanagement (Schweiz) GmbH,Personal,Internationaler Komplettanbieter für Personaldienstleistungen,"Buchserstrasse 12
5000 Aarau",3700,Remo Bachmann,remo.bachmann@isg.com,+41 62 823 41 41,+41 62 823 41 40
academia language school,Aus- und Weiterbildung,Sprach- und Lernzentrum für Firmen wie Privatkunden,"Bahnhofstrasse 53
5000 Aarau",3701,Simon Haag,simon.haag@academia-language.ch,058 440 91 20,
Kantonsspital Aarau AG,Gesundheit,,"Tellstrasse 25
5001 Aarau",3703,Robert Rhiner,presse@ksa.ch,062 838 94 60,062 838 94 14
Schäfer Zimmerei AG,Baugewerbe,,"Laurenzenvorstadt 61
5000 Aarau",3704,Marc Huggenberger,marc.huggenberger@sht.ch,,
aaretax Treuhand AG,Treuhand,Treuhandbüro,"Rain 63
5000 Aarau",3705,Marco Eggenschwiler,eggenschwiler@aaretax.ch,062 520 75 00,062 520 75 01
Haworth Büromöbel GmbH,Büroeinrichtungen,Haworth ist mehr als ein Büromöbelhersteller,"Badstrasse 5
5737 Menziken",3706,Angelo Gentile,angelo.gentile@haworth.com,+41 79 292 63 56,
Cellere Bau AG,Baugewerbe,,"Herzogstrasse 41
5001 Aarau",3707,Maurizio Giovanelli,maurizio.giovanelli@cellere.ch,062 / 824 61 51,062 / 824 33 20
HSO Wirtschafts- und Informatikschule,Aus- und Weiterbildung,,"Bahnhofplatz 4
5000 Aarau",3708,Mike Huber,mike.huber@vantage.ch,+41 58 680 25 13,
SIS Swiss International School,Aus- und Weiterbildung,"Private, bilinguale Tagesschule","Schachenstrasse 24
5012 Schönenwerd",3710,Pia Mathes,pia.mathes@swissinternationalschool.ch,062 312 30 30,
Babel Service,Dienstleistungen,,"Girixweg 45
Mechthild Babel
5000 Aarau",3712,Mechthild Babel,info@babel-service.ch,079 315 43 97,
Rückenwind KLG,,,"Asylstrasse 15
5000 Aarau",3713,Fabian Zimmerli,fabianzi@hotmail.ch,+41797000896,
rs academy gmbh,Schule,rs academy gmbh - the art of education!,"Lochweg 8c
5023 Biberstein",3714,Roger Schüle,roger.schuele@rsacademy.ch,0582550720,0582550721
Generali Versicherungen,Versicherung,,"Rain 35
5000 Aarau",3715,Sükrü Aslitürk,suekrue.aslituerk@generali.com,+41584739030,
1a Gebäudemanagement André Buess,Dienstleistungen,"Hauswartung, technischer Unterhalt, Projekte","Pestalozzistrasse
45
5000 Aarau",3716,André Buess,andre.buess@1a-gebaeudemanagement.ch,,
Maier Gastronomie GmbH | Restaurant EINSTEIN,Gastgewerbe,,"Bahnhofstrasse 43
5000 Aarau",3717,Franz Maier,info@restauranteinstein.ch,062 834 40 34,
BERDAAG AG,Immobilien,"Wir vermieten, verwalten und verkaufen Immobilien seit 1998","Hallwylstrasse 9
5000 Aarau",3718,Bettina Autenrieth Gloor,b.ag@berdaag.ch,062 824 25 24,
Serves AG,Treuhand,,"Gartenstrasse 28
5400 Baden",3720,Raphael Gloor,r.gloor@serves.ch,,
Aarauer Coworking Genossenschaft,Dienstleistungen,Coworking Genossenschaft im Herzen von Aarau,"Bachstrasse 84
c/o immodea Daniel Hediger
5000 Aarau",3721,Thomas Aerni,thomas@coworkingaarau.ch,062 767 60 07,
Caminada AG,Dienstleistungen,,"Florastrasse 10
Bestattungsinstitut
5000 Aarau",3722,Frank Greutmann,aarau@caminada-ag.ch,062 824 25 84,062 822 24 46
RE/MAX your choice - Aarau,Immobilien,,"Aeschbachhalle 6
5000 Aarau",3723,Pius Götschi,pius.goetschi@remax.ch,062 501 5000,
Anwaltskanzlei Dr. Weltert,Advokatur- und Notariatsbüro,,"Bahnhofstrasse 10
5001 Aarau",3724,Hans M. Weltert,hans.weltert@raweltert.ch,062 832 77 33,062 832 77 34
NEUE GALERIE 6 AARAU,Diverse,,"Milchgasse 35
5000 Aarau",3725,Carlo Mettauer,carlo.mettauer@zeka-ag.ch,0795416416,
Porta AG,Ingenieurbüro,,"Buchserstrasse 12
5000 Aarau",3726,Remo Villiger,remo.villiger@portaag.ch,058 580 98 00,
BCG Behmen Versicherungsbroking AG,Versicherung,,"Hintere Bahnhofstrasse 10
Jan van Rijs
5001 Aarau",3727,Jan van Rijs,jan.vanrijs@bcgag.ch,062 857 70 80,062 857 70 99
Ackermann+Wernli AG,Ingenieurbüro,Vermessungs- und Ingenieurbüro,"Bleichemattstrasse 43
5000 Aarau",3728,Jules Fricker,jules.fricker@ackermann-wernli.ch,062 200 28 28,
